[0.093s] [34mcolcon[0m [1;30mDEBUG[0m [32mCommand line arguments: ['/home/irman/micromamba/envs/ros2_env/bin/colcon', 'build', '--cmake-args', '-DPython_EXECUTABLE=/home/irman/micromamba/envs/ros2_env/bin/python3'][0m
[0.093s] [34mcolcon[0m [1;30mDEBUG[0m [32mParsed command line arguments: Namespace(log_base=None, log_level=None, verb_name='build', build_base='build', install_base='install', merge_install=False, symlink_install=False, test_result_base=None, continue_on_error=False, executor='parallel', parallel_workers=16, event_handlers=None, ignore_user_meta=False, metas=['./colcon.meta'], base_paths=['.'], packages_ignore=None, packages_ignore_regex=None, paths=None, packages_up_to=None, packages_up_to_regex=None, packages_above=None, packages_above_and_dependencies=None, packages_above_depth=None, packages_select_by_dep=None, packages_skip_by_dep=None, packages_skip_up_to=None, packages_select_build_failed=False, packages_skip_build_finished=False, packages_select_test_failures=False, packages_skip_test_passed=False, packages_select=None, packages_skip=None, packages_select_regex=None, packages_skip_regex=None, packages_start=None, packages_end=None, cmake_args=['-DPython_EXECUTABLE=/home/irman/micromamba/envs/ros2_env/bin/python3'], cmake_target=None, cmake_target_skip_unavailable=False, cmake_clean_cache=False, cmake_clean_first=False, cmake_force_configure=False, ament_cmake_args=None, catkin_cmake_args=None, catkin_skip_building_tests=False, verb_parser=<colcon_defaults.argument_parser.defaults.DefaultArgumentsDecorator object at 0x700f06c0f750>, verb_extension=<colcon_core.verb.build.BuildVerb object at 0x700f0598ec50>, main=<bound method BuildVerb.main of <colcon_core.verb.build.BuildVerb object at 0x700f0598ec50>>)[0m
[0.116s] [34mcolcon.colcon_core.package_discovery[0m [1;30mLevel 1[0m discover_packages(colcon_meta) check parameters
[0.116s] [34mcolcon.colcon_core.package_discovery[0m [1;30mLevel 1[0m discover_packages(recursive) check parameters
[0.116s] [34mcolcon.colcon_core.package_discovery[0m [1;30mLevel 1[0m discover_packages(ignore) check parameters
[0.116s] [34mcolcon.colcon_core.package_discovery[0m [1;30mLevel 1[0m discover_packages(path) check parameters
[0.116s] [34mcolcon.colcon_core.package_discovery[0m [1;30mLevel 1[0m discover_packages(colcon_meta) discover
[0.116s] [34mcolcon.colcon_core.package_discovery[0m [1;30mLevel 1[0m discover_packages(recursive) discover
[0.116s] [34mcolcon.colcon_core.package_discovery[0m [1;30mINFO[0m Crawling recursively for packages in '/home/irman/3dlidar_ros2_legged_robot_inspection'
[0.116s] [34mcolcon.colcon_core.package_identification[0m [1;30mLevel 1[0m _identify(.) by extensions ['ignore', 'ignore_ament_install']
[0.116s] [34mcolcon.colcon_core.package_identification[0m [1;30mLevel 1[0m _identify(.) by extension 'ignore'
[0.116s] [34mcolcon.colcon_core.package_identification[0m [1;30mLevel 1[0m _identify(.) by extension 'ignore_ament_install'
[0.117s] [34mcolcon.colcon_core.package_identification[0m [1;30mLevel 1[0m _identify(.) by extensions ['colcon_pkg']
[0.117s] [34mcolcon.colcon_core.package_identification[0m [1;30mLevel 1[0m _identify(.) by extension 'colcon_pkg'
[0.117s] [34mcolcon.colcon_core.package_identification[0m [1;30mLevel 1[0m _identify(.) by extensions ['colcon_meta']
[0.117s] [34mcolcon.colcon_core.package_identification[0m [1;30mLevel 1[0m _identify(.) by extension 'colcon_meta'
[0.117s] [34mcolcon.colcon_core.package_identification[0m [1;30mLevel 1[0m _identify(.) by extensions ['ros']
[0.117s] [34mcolcon.colcon_core.package_identification[0m [1;30mLevel 1[0m _identify(.) by extension 'ros'
[0.133s] [34mcolcon.colcon_core.package_identification[0m [1;30mLevel 1[0m _identify(.) by extensions ['cmake', 'python']
[0.133s] [34mcolcon.colcon_core.package_identification[0m [1;30mLevel 1[0m _identify(.) by extension 'cmake'
[0.133s] [34mcolcon.colcon_core.package_identification[0m [1;30mLevel 1[0m _identify(.) by extension 'python'
[0.133s] [34mcolcon.colcon_core.package_identification[0m [1;30mLevel 1[0m _identify(.) by extensions ['python_setup_py']
[0.133s] [34mcolcon.colcon_core.package_identification[0m [1;30mLevel 1[0m _identify(.) by extension 'python_setup_py'
[0.133s] [34mcolcon.colcon_core.package_identification[0m [1;30mLevel 1[0m _identify(build) by extensions ['ignore', 'ignore_ament_install']
[0.133s] [34mcolcon.colcon_core.package_identification[0m [1;30mLevel 1[0m _identify(build) by extension 'ignore'
[0.133s] [34mcolcon.colcon_core.package_identification[0m [1;30mLevel 1[0m _identify(build) ignored
[0.133s] [34mcolcon.colcon_core.package_identification[0m [1;30mLevel 1[0m _identify(install) by extensions ['ignore', 'ignore_ament_install']
[0.133s] [34mcolcon.colcon_core.package_identification[0m [1;30mLevel 1[0m _identify(install) by extension 'ignore'
[0.133s] [34mcolcon.colcon_core.package_identification[0m [1;30mLevel 1[0m _identify(install) ignored
[0.133s] [34mcolcon.colcon_core.package_identification[0m [1;30mLevel 1[0m _identify(log) by extensions ['ignore', 'ignore_ament_install']
[0.133s] [34mcolcon.colcon_core.package_identification[0m [1;30mLevel 1[0m _identify(log) by extension 'ignore'
[0.133s] [34mcolcon.colcon_core.package_identification[0m [1;30mLevel 1[0m _identify(log) ignored
[0.133s] [34mcolcon.colcon_core.package_identification[0m [1;30mLevel 1[0m _identify(src) by extensions ['ignore', 'ignore_ament_install']
[0.133s] [34mcolcon.colcon_core.package_identification[0m [1;30mLevel 1[0m _identify(src) by extension 'ignore'
[0.133s] [34mcolcon.colcon_core.package_identification[0m [1;30mLevel 1[0m _identify(src) by extension 'ignore_ament_install'
[0.133s] [34mcolcon.colcon_core.package_identification[0m [1;30mLevel 1[0m _identify(src) by extensions ['colcon_pkg']
[0.133s] [34mcolcon.colcon_core.package_identification[0m [1;30mLevel 1[0m _identify(src) by extension 'colcon_pkg'
[0.133s] [34mcolcon.colcon_core.package_identification[0m [1;30mLevel 1[0m _identify(src) by extensions ['colcon_meta']
[0.133s] [34mcolcon.colcon_core.package_identification[0m [1;30mLevel 1[0m _identify(src) by extension 'colcon_meta'
[0.133s] [34mcolcon.colcon_core.package_identification[0m [1;30mLevel 1[0m _identify(src) by extensions ['ros']
[0.134s] [34mcolcon.colcon_core.package_identification[0m [1;30mLevel 1[0m _identify(src) by extension 'ros'
[0.134s] [34mcolcon.colcon_core.package_identification[0m [1;30mLevel 1[0m _identify(src) by extensions ['cmake', 'python']
[0.134s] [34mcolcon.colcon_core.package_identification[0m [1;30mLevel 1[0m _identify(src) by extension 'cmake'
[0.134s] [34mcolcon.colcon_core.package_identification[0m [1;30mLevel 1[0m _identify(src) by extension 'python'
[0.134s] [34mcolcon.colcon_core.package_identification[0m [1;30mLevel 1[0m _identify(src) by extensions ['python_setup_py']
[0.134s] [34mcolcon.colcon_core.package_identification[0m [1;30mLevel 1[0m _identify(src) by extension 'python_setup_py'
[0.134s] [34mcolcon.colcon_core.package_identification[0m [1;30mLevel 1[0m _identify(src/aws_warehouse_world) by extensions ['ignore', 'ignore_ament_install']
[0.134s] [34mcolcon.colcon_core.package_identification[0m [1;30mLevel 1[0m _identify(src/aws_warehouse_world) by extension 'ignore'
[0.134s] [34mcolcon.colcon_core.package_identification[0m [1;30mLevel 1[0m _identify(src/aws_warehouse_world) ignored
[0.134s] [34mcolcon.colcon_core.package_identification[0m [1;30mLevel 1[0m _identify(src/go2_bringup) by extensions ['ignore', 'ignore_ament_install']
[0.134s] [34mcolcon.colcon_core.package_identification[0m [1;30mLevel 1[0m _identify(src/go2_bringup) by extension 'ignore'
[0.134s] [34mcolcon.colcon_core.package_identification[0m [1;30mLevel 1[0m _identify(src/go2_bringup) by extension 'ignore_ament_install'
[0.134s] [34mcolcon.colcon_core.package_identification[0m [1;30mLevel 1[0m _identify(src/go2_bringup) by extensions ['colcon_pkg']
[0.134s] [34mcolcon.colcon_core.package_identification[0m [1;30mLevel 1[0m _identify(src/go2_bringup) by extension 'colcon_pkg'
[0.134s] [34mcolcon.colcon_core.package_identification[0m [1;30mLevel 1[0m _identify(src/go2_bringup) by extensions ['colcon_meta']
[0.134s] [34mcolcon.colcon_core.package_identification[0m [1;30mLevel 1[0m _identify(src/go2_bringup) by extension 'colcon_meta'
[0.134s] [34mcolcon.colcon_core.package_identification[0m [1;30mLevel 1[0m _identify(src/go2_bringup) by extensions ['ros']
[0.134s] [34mcolcon.colcon_core.package_identification[0m [1;30mLevel 1[0m _identify(src/go2_bringup) by extension 'ros'
[0.136s] [34mcolcon.colcon_core.package_identification[0m [1;30mDEBUG[0m [32mPackage 'src/go2_bringup' with type 'ros.ament_cmake' and name 'go2_bringup'[0m
[0.136s] [34mcolcon.colcon_core.package_identification[0m [1;30mLevel 1[0m _identify(src/go2_control) by extensions ['ignore', 'ignore_ament_install']
[0.136s] [34mcolcon.colcon_core.package_identification[0m [1;30mLevel 1[0m _identify(src/go2_control) by extension 'ignore'
[0.136s] [34mcolcon.colcon_core.package_identification[0m [1;30mLevel 1[0m _identify(src/go2_control) by extension 'ignore_ament_install'
[0.136s] [34mcolcon.colcon_core.package_identification[0m [1;30mLevel 1[0m _identify(src/go2_control) by extensions ['colcon_pkg']
[0.136s] [34mcolcon.colcon_core.package_identification[0m [1;30mLevel 1[0m _identify(src/go2_control) by extension 'colcon_pkg'
[0.136s] [34mcolcon.colcon_core.package_identification[0m [1;30mLevel 1[0m _identify(src/go2_control) by extensions ['colcon_meta']
[0.136s] [34mcolcon.colcon_core.package_identification[0m [1;30mLevel 1[0m _identify(src/go2_control) by extension 'colcon_meta'
[0.136s] [34mcolcon.colcon_core.package_identification[0m [1;30mLevel 1[0m _identify(src/go2_control) by extensions ['ros']
[0.136s] [34mcolcon.colcon_core.package_identification[0m [1;30mLevel 1[0m _identify(src/go2_control) by extension 'ros'
[0.136s] [34mcolcon.colcon_core.package_identification[0m [1;30mDEBUG[0m [32mPackage 'src/go2_control' with type 'ros.ament_python' and name 'go2_control'[0m
[0.136s] [34mcolcon.colcon_core.package_identification[0m [1;30mLevel 1[0m _identify(src/unitree-go2-ros2) by extensions ['ignore', 'ignore_ament_install']
[0.136s] [34mcolcon.colcon_core.package_identification[0m [1;30mLevel 1[0m _identify(src/unitree-go2-ros2) by extension 'ignore'
[0.136s] [34mcolcon.colcon_core.package_identification[0m [1;30mLevel 1[0m _identify(src/unitree-go2-ros2) by extension 'ignore_ament_install'
[0.136s] [34mcolcon.colcon_core.package_identification[0m [1;30mLevel 1[0m _identify(src/unitree-go2-ros2) by extensions ['colcon_pkg']
[0.136s] [34mcolcon.colcon_core.package_identification[0m [1;30mLevel 1[0m _identify(src/unitree-go2-ros2) by extension 'colcon_pkg'
[0.136s] [34mcolcon.colcon_core.package_identification[0m [1;30mLevel 1[0m _identify(src/unitree-go2-ros2) by extensions ['colcon_meta']
[0.136s] [34mcolcon.colcon_core.package_identification[0m [1;30mLevel 1[0m _identify(src/unitree-go2-ros2) by extension 'colcon_meta'
[0.137s] [34mcolcon.colcon_core.package_identification[0m [1;30mLevel 1[0m _identify(src/unitree-go2-ros2) by extensions ['ros']
[0.137s] [34mcolcon.colcon_core.package_identification[0m [1;30mLevel 1[0m _identify(src/unitree-go2-ros2) by extension 'ros'
[0.137s] [34mcolcon.colcon_core.package_identification[0m [1;30mLevel 1[0m _identify(src/unitree-go2-ros2) by extensions ['cmake', 'python']
[0.137s] [34mcolcon.colcon_core.package_identification[0m [1;30mLevel 1[0m _identify(src/unitree-go2-ros2) by extension 'cmake'
[0.137s] [34mcolcon.colcon_core.package_identification[0m [1;30mLevel 1[0m _identify(src/unitree-go2-ros2) by extension 'python'
[0.137s] [34mcolcon.colcon_core.package_identification[0m [1;30mLevel 1[0m _identify(src/unitree-go2-ros2) by extensions ['python_setup_py']
[0.137s] [34mcolcon.colcon_core.package_identification[0m [1;30mLevel 1[0m _identify(src/unitree-go2-ros2) by extension 'python_setup_py'
[0.137s] [34mcolcon.colcon_core.package_identification[0m [1;30mLevel 1[0m _identify(src/unitree-go2-ros2/champ) by extensions ['ignore', 'ignore_ament_install']
[0.137s] [34mcolcon.colcon_core.package_identification[0m [1;30mLevel 1[0m _identify(src/unitree-go2-ros2/champ) by extension 'ignore'
[0.137s] [34mcolcon.colcon_core.package_identification[0m [1;30mLevel 1[0m _identify(src/unitree-go2-ros2/champ) by extension 'ignore_ament_install'
[0.137s] [34mcolcon.colcon_core.package_identification[0m [1;30mLevel 1[0m _identify(src/unitree-go2-ros2/champ) by extensions ['colcon_pkg']
[0.137s] [34mcolcon.colcon_core.package_identification[0m [1;30mLevel 1[0m _identify(src/unitree-go2-ros2/champ) by extension 'colcon_pkg'
[0.137s] [34mcolcon.colcon_core.package_identification[0m [1;30mLevel 1[0m _identify(src/unitree-go2-ros2/champ) by extensions ['colcon_meta']
[0.137s] [34mcolcon.colcon_core.package_identification[0m [1;30mLevel 1[0m _identify(src/unitree-go2-ros2/champ) by extension 'colcon_meta'
[0.137s] [34mcolcon.colcon_core.package_identification[0m [1;30mLevel 1[0m _identify(src/unitree-go2-ros2/champ) by extensions ['ros']
[0.137s] [34mcolcon.colcon_core.package_identification[0m [1;30mLevel 1[0m _identify(src/unitree-go2-ros2/champ) by extension 'ros'
[0.137s] [34mcolcon.colcon_core.package_identification[0m [1;30mLevel 1[0m _identify(src/unitree-go2-ros2/champ) by extensions ['cmake', 'python']
[0.137s] [34mcolcon.colcon_core.package_identification[0m [1;30mLevel 1[0m _identify(src/unitree-go2-ros2/champ) by extension 'cmake'
[0.137s] [34mcolcon.colcon_core.package_identification[0m [1;30mLevel 1[0m _identify(src/unitree-go2-ros2/champ) by extension 'python'
[0.137s] [34mcolcon.colcon_core.package_identification[0m [1;30mLevel 1[0m _identify(src/unitree-go2-ros2/champ) by extensions ['python_setup_py']
[0.137s] [34mcolcon.colcon_core.package_identification[0m [1;30mLevel 1[0m _identify(src/unitree-go2-ros2/champ) by extension 'python_setup_py'
[0.137s] [34mcolcon.colcon_core.package_identification[0m [1;30mLevel 1[0m _identify(src/unitree-go2-ros2/champ/champ) by extensions ['ignore', 'ignore_ament_install']
[0.137s] [34mcolcon.colcon_core.package_identification[0m [1;30mLevel 1[0m _identify(src/unitree-go2-ros2/champ/champ) by extension 'ignore'
[0.137s] [34mcolcon.colcon_core.package_identification[0m [1;30mLevel 1[0m _identify(src/unitree-go2-ros2/champ/champ) by extension 'ignore_ament_install'
[0.137s] [34mcolcon.colcon_core.package_identification[0m [1;30mLevel 1[0m _identify(src/unitree-go2-ros2/champ/champ) by extensions ['colcon_pkg']
[0.137s] [34mcolcon.colcon_core.package_identification[0m [1;30mLevel 1[0m _identify(src/unitree-go2-ros2/champ/champ) by extension 'colcon_pkg'
[0.137s] [34mcolcon.colcon_core.package_identification[0m [1;30mLevel 1[0m _identify(src/unitree-go2-ros2/champ/champ) by extensions ['colcon_meta']
[0.137s] [34mcolcon.colcon_core.package_identification[0m [1;30mLevel 1[0m _identify(src/unitree-go2-ros2/champ/champ) by extension 'colcon_meta'
[0.137s] [34mcolcon.colcon_core.package_identification[0m [1;30mLevel 1[0m _identify(src/unitree-go2-ros2/champ/champ) by extensions ['ros']
[0.137s] [34mcolcon.colcon_core.package_identification[0m [1;30mLevel 1[0m _identify(src/unitree-go2-ros2/champ/champ) by extension 'ros'
[0.138s] [34mcolcon.colcon_core.package_identification[0m [1;30mDEBUG[0m [32mPackage 'src/unitree-go2-ros2/champ/champ' with type 'ros.ament_cmake' and name 'champ'[0m
[0.138s] [34mcolcon.colcon_core.package_identification[0m [1;30mLevel 1[0m _identify(src/unitree-go2-ros2/champ/champ_base) by extensions ['ignore', 'ignore_ament_install']
[0.138s] [34mcolcon.colcon_core.package_identification[0m [1;30mLevel 1[0m _identify(src/unitree-go2-ros2/champ/champ_base) by extension 'ignore'
[0.138s] [34mcolcon.colcon_core.package_identification[0m [1;30mLevel 1[0m _identify(src/unitree-go2-ros2/champ/champ_base) by extension 'ignore_ament_install'
[0.138s] [34mcolcon.colcon_core.package_identification[0m [1;30mLevel 1[0m _identify(src/unitree-go2-ros2/champ/champ_base) by extensions ['colcon_pkg']
[0.138s] [34mcolcon.colcon_core.package_identification[0m [1;30mLevel 1[0m _identify(src/unitree-go2-ros2/champ/champ_base) by extension 'colcon_pkg'
[0.138s] [34mcolcon.colcon_core.package_identification[0m [1;30mLevel 1[0m _identify(src/unitree-go2-ros2/champ/champ_base) by extensions ['colcon_meta']
[0.138s] [34mcolcon.colcon_core.package_identification[0m [1;30mLevel 1[0m _identify(src/unitree-go2-ros2/champ/champ_base) by extension 'colcon_meta'
[0.138s] [34mcolcon.colcon_core.package_identification[0m [1;30mLevel 1[0m _identify(src/unitree-go2-ros2/champ/champ_base) by extensions ['ros']
[0.138s] [34mcolcon.colcon_core.package_identification[0m [1;30mLevel 1[0m _identify(src/unitree-go2-ros2/champ/champ_base) by extension 'ros'
[0.139s] [34mcolcon.colcon_core.package_identification[0m [1;30mDEBUG[0m [32mPackage 'src/unitree-go2-ros2/champ/champ_base' with type 'ros.ament_cmake' and name 'champ_base'[0m
[0.139s] [34mcolcon.colcon_core.package_identification[0m [1;30mLevel 1[0m _identify(src/unitree-go2-ros2/champ/champ_bringup) by extensions ['ignore', 'ignore_ament_install']
[0.139s] [34mcolcon.colcon_core.package_identification[0m [1;30mLevel 1[0m _identify(src/unitree-go2-ros2/champ/champ_bringup) by extension 'ignore'
[0.139s] [34mcolcon.colcon_core.package_identification[0m [1;30mLevel 1[0m _identify(src/unitree-go2-ros2/champ/champ_bringup) by extension 'ignore_ament_install'
[0.139s] [34mcolcon.colcon_core.package_identification[0m [1;30mLevel 1[0m _identify(src/unitree-go2-ros2/champ/champ_bringup) by extensions ['colcon_pkg']
[0.139s] [34mcolcon.colcon_core.package_identification[0m [1;30mLevel 1[0m _identify(src/unitree-go2-ros2/champ/champ_bringup) by extension 'colcon_pkg'
[0.139s] [34mcolcon.colcon_core.package_identification[0m [1;30mLevel 1[0m _identify(src/unitree-go2-ros2/champ/champ_bringup) by extensions ['colcon_meta']
[0.139s] [34mcolcon.colcon_core.package_identification[0m [1;30mLevel 1[0m _identify(src/unitree-go2-ros2/champ/champ_bringup) by extension 'colcon_meta'
[0.139s] [34mcolcon.colcon_core.package_identification[0m [1;30mLevel 1[0m _identify(src/unitree-go2-ros2/champ/champ_bringup) by extensions ['ros']
[0.139s] [34mcolcon.colcon_core.package_identification[0m [1;30mLevel 1[0m _identify(src/unitree-go2-ros2/champ/champ_bringup) by extension 'ros'
[0.139s] [34mcolcon.colcon_core.package_identification[0m [1;30mDEBUG[0m [32mPackage 'src/unitree-go2-ros2/champ/champ_bringup' with type 'ros.ament_cmake' and name 'champ_bringup'[0m
[0.139s] [34mcolcon.colcon_core.package_identification[0m [1;30mLevel 1[0m _identify(src/unitree-go2-ros2/champ/champ_config) by extensions ['ignore', 'ignore_ament_install']
[0.140s] [34mcolcon.colcon_core.package_identification[0m [1;30mLevel 1[0m _identify(src/unitree-go2-ros2/champ/champ_config) by extension 'ignore'
[0.140s] [34mcolcon.colcon_core.package_identification[0m [1;30mLevel 1[0m _identify(src/unitree-go2-ros2/champ/champ_config) by extension 'ignore_ament_install'
[0.140s] [34mcolcon.colcon_core.package_identification[0m [1;30mLevel 1[0m _identify(src/unitree-go2-ros2/champ/champ_config) by extensions ['colcon_pkg']
[0.140s] [34mcolcon.colcon_core.package_identification[0m [1;30mLevel 1[0m _identify(src/unitree-go2-ros2/champ/champ_config) by extension 'colcon_pkg'
[0.140s] [34mcolcon.colcon_core.package_identification[0m [1;30mLevel 1[0m _identify(src/unitree-go2-ros2/champ/champ_config) by extensions ['colcon_meta']
[0.140s] [34mcolcon.colcon_core.package_identification[0m [1;30mLevel 1[0m _identify(src/unitree-go2-ros2/champ/champ_config) by extension 'colcon_meta'
[0.140s] [34mcolcon.colcon_core.package_identification[0m [1;30mLevel 1[0m _identify(src/unitree-go2-ros2/champ/champ_config) by extensions ['ros']
[0.140s] [34mcolcon.colcon_core.package_identification[0m [1;30mLevel 1[0m _identify(src/unitree-go2-ros2/champ/champ_config) by extension 'ros'
[0.140s] [34mcolcon.colcon_core.package_identification[0m [1;30mDEBUG[0m [32mPackage 'src/unitree-go2-ros2/champ/champ_config' with type 'ros.ament_cmake' and name 'champ_config'[0m
[0.140s] [34mcolcon.colcon_core.package_identification[0m [1;30mLevel 1[0m _identify(src/unitree-go2-ros2/champ/champ_description) by extensions ['ignore', 'ignore_ament_install']
[0.140s] [34mcolcon.colcon_core.package_identification[0m [1;30mLevel 1[0m _identify(src/unitree-go2-ros2/champ/champ_description) by extension 'ignore'
[0.140s] [34mcolcon.colcon_core.package_identification[0m [1;30mLevel 1[0m _identify(src/unitree-go2-ros2/champ/champ_description) by extension 'ignore_ament_install'
[0.140s] [34mcolcon.colcon_core.package_identification[0m [1;30mLevel 1[0m _identify(src/unitree-go2-ros2/champ/champ_description) by extensions ['colcon_pkg']
[0.140s] [34mcolcon.colcon_core.package_identification[0m [1;30mLevel 1[0m _identify(src/unitree-go2-ros2/champ/champ_description) by extension 'colcon_pkg'
[0.140s] [34mcolcon.colcon_core.package_identification[0m [1;30mLevel 1[0m _identify(src/unitree-go2-ros2/champ/champ_description) by extensions ['colcon_meta']
[0.140s] [34mcolcon.colcon_core.package_identification[0m [1;30mLevel 1[0m _identify(src/unitree-go2-ros2/champ/champ_description) by extension 'colcon_meta'
[0.140s] [34mcolcon.colcon_core.package_identification[0m [1;30mLevel 1[0m _identify(src/unitree-go2-ros2/champ/champ_description) by extensions ['ros']
[0.140s] [34mcolcon.colcon_core.package_identification[0m [1;30mLevel 1[0m _identify(src/unitree-go2-ros2/champ/champ_description) by extension 'ros'
[0.141s] [34mcolcon.colcon_core.package_identification[0m [1;30mDEBUG[0m [32mPackage 'src/unitree-go2-ros2/champ/champ_description' with type 'ros.ament_cmake' and name 'champ_description'[0m
[0.141s] [34mcolcon.colcon_core.package_identification[0m [1;30mLevel 1[0m _identify(src/unitree-go2-ros2/champ/champ_gazebo) by extensions ['ignore', 'ignore_ament_install']
[0.141s] [34mcolcon.colcon_core.package_identification[0m [1;30mLevel 1[0m _identify(src/unitree-go2-ros2/champ/champ_gazebo) by extension 'ignore'
[0.141s] [34mcolcon.colcon_core.package_identification[0m [1;30mLevel 1[0m _identify(src/unitree-go2-ros2/champ/champ_gazebo) by extension 'ignore_ament_install'
[0.141s] [34mcolcon.colcon_core.package_identification[0m [1;30mLevel 1[0m _identify(src/unitree-go2-ros2/champ/champ_gazebo) by extensions ['colcon_pkg']
[0.141s] [34mcolcon.colcon_core.package_identification[0m [1;30mLevel 1[0m _identify(src/unitree-go2-ros2/champ/champ_gazebo) by extension 'colcon_pkg'
[0.141s] [34mcolcon.colcon_core.package_identification[0m [1;30mLevel 1[0m _identify(src/unitree-go2-ros2/champ/champ_gazebo) by extensions ['colcon_meta']
[0.141s] [34mcolcon.colcon_core.package_identification[0m [1;30mLevel 1[0m _identify(src/unitree-go2-ros2/champ/champ_gazebo) by extension 'colcon_meta'
[0.141s] [34mcolcon.colcon_core.package_identification[0m [1;30mLevel 1[0m _identify(src/unitree-go2-ros2/champ/champ_gazebo) by extensions ['ros']
[0.141s] [34mcolcon.colcon_core.package_identification[0m [1;30mLevel 1[0m _identify(src/unitree-go2-ros2/champ/champ_gazebo) by extension 'ros'
[0.141s] [34mcolcon.colcon_core.package_identification[0m [1;30mDEBUG[0m [32mPackage 'src/unitree-go2-ros2/champ/champ_gazebo' with type 'ros.ament_cmake' and name 'champ_gazebo'[0m
[0.141s] [34mcolcon.colcon_core.package_identification[0m [1;30mLevel 1[0m _identify(src/unitree-go2-ros2/champ/champ_msgs) by extensions ['ignore', 'ignore_ament_install']
[0.142s] [34mcolcon.colcon_core.package_identification[0m [1;30mLevel 1[0m _identify(src/unitree-go2-ros2/champ/champ_msgs) by extension 'ignore'
[0.142s] [34mcolcon.colcon_core.package_identification[0m [1;30mLevel 1[0m _identify(src/unitree-go2-ros2/champ/champ_msgs) by extension 'ignore_ament_install'
[0.142s] [34mcolcon.colcon_core.package_identification[0m [1;30mLevel 1[0m _identify(src/unitree-go2-ros2/champ/champ_msgs) by extensions ['colcon_pkg']
[0.142s] [34mcolcon.colcon_core.package_identification[0m [1;30mLevel 1[0m _identify(src/unitree-go2-ros2/champ/champ_msgs) by extension 'colcon_pkg'
[0.142s] [34mcolcon.colcon_core.package_identification[0m [1;30mLevel 1[0m _identify(src/unitree-go2-ros2/champ/champ_msgs) by extensions ['colcon_meta']
[0.142s] [34mcolcon.colcon_core.package_identification[0m [1;30mLevel 1[0m _identify(src/unitree-go2-ros2/champ/champ_msgs) by extension 'colcon_meta'
[0.142s] [34mcolcon.colcon_core.package_identification[0m [1;30mLevel 1[0m _identify(src/unitree-go2-ros2/champ/champ_msgs) by extensions ['ros']
[0.142s] [34mcolcon.colcon_core.package_identification[0m [1;30mLevel 1[0m _identify(src/unitree-go2-ros2/champ/champ_msgs) by extension 'ros'
[0.142s] [34mcolcon.colcon_core.package_identification[0m [1;30mDEBUG[0m [32mPackage 'src/unitree-go2-ros2/champ/champ_msgs' with type 'ros.ament_cmake' and name 'champ_msgs'[0m
[0.142s] [34mcolcon.colcon_core.package_identification[0m [1;30mLevel 1[0m _identify(src/unitree-go2-ros2/champ/champ_navigation) by extensions ['ignore', 'ignore_ament_install']
[0.142s] [34mcolcon.colcon_core.package_identification[0m [1;30mLevel 1[0m _identify(src/unitree-go2-ros2/champ/champ_navigation) by extension 'ignore'
[0.142s] [34mcolcon.colcon_core.package_identification[0m [1;30mLevel 1[0m _identify(src/unitree-go2-ros2/champ/champ_navigation) by extension 'ignore_ament_install'
[0.142s] [34mcolcon.colcon_core.package_identification[0m [1;30mLevel 1[0m _identify(src/unitree-go2-ros2/champ/champ_navigation) by extensions ['colcon_pkg']
[0.142s] [34mcolcon.colcon_core.package_identification[0m [1;30mLevel 1[0m _identify(src/unitree-go2-ros2/champ/champ_navigation) by extension 'colcon_pkg'
[0.142s] [34mcolcon.colcon_core.package_identification[0m [1;30mLevel 1[0m _identify(src/unitree-go2-ros2/champ/champ_navigation) by extensions ['colcon_meta']
[0.142s] [34mcolcon.colcon_core.package_identification[0m [1;30mLevel 1[0m _identify(src/unitree-go2-ros2/champ/champ_navigation) by extension 'colcon_meta'
[0.142s] [34mcolcon.colcon_core.package_identification[0m [1;30mLevel 1[0m _identify(src/unitree-go2-ros2/champ/champ_navigation) by extensions ['ros']
[0.142s] [34mcolcon.colcon_core.package_identification[0m [1;30mLevel 1[0m _identify(src/unitree-go2-ros2/champ/champ_navigation) by extension 'ros'
[0.143s] [34mcolcon.colcon_core.package_identification[0m [1;30mDEBUG[0m [32mPackage 'src/unitree-go2-ros2/champ/champ_navigation' with type 'ros.ament_cmake' and name 'champ_navigation'[0m
[0.143s] [34mcolcon.colcon_core.package_identification[0m [1;30mLevel 1[0m _identify(src/unitree-go2-ros2/champ/docs) by extensions ['ignore', 'ignore_ament_install']
[0.143s] [34mcolcon.colcon_core.package_identification[0m [1;30mLevel 1[0m _identify(src/unitree-go2-ros2/champ/docs) by extension 'ignore'
[0.143s] [34mcolcon.colcon_core.package_identification[0m [1;30mLevel 1[0m _identify(src/unitree-go2-ros2/champ/docs) by extension 'ignore_ament_install'
[0.143s] [34mcolcon.colcon_core.package_identification[0m [1;30mLevel 1[0m _identify(src/unitree-go2-ros2/champ/docs) by extensions ['colcon_pkg']
[0.143s] [34mcolcon.colcon_core.package_identification[0m [1;30mLevel 1[0m _identify(src/unitree-go2-ros2/champ/docs) by extension 'colcon_pkg'
[0.143s] [34mcolcon.colcon_core.package_identification[0m [1;30mLevel 1[0m _identify(src/unitree-go2-ros2/champ/docs) by extensions ['colcon_meta']
[0.143s] [34mcolcon.colcon_core.package_identification[0m [1;30mLevel 1[0m _identify(src/unitree-go2-ros2/champ/docs) by extension 'colcon_meta'
[0.143s] [34mcolcon.colcon_core.package_identification[0m [1;30mLevel 1[0m _identify(src/unitree-go2-ros2/champ/docs) by extensions ['ros']
[0.143s] [34mcolcon.colcon_core.package_identification[0m [1;30mLevel 1[0m _identify(src/unitree-go2-ros2/champ/docs) by extension 'ros'
[0.143s] [34mcolcon.colcon_core.package_identification[0m [1;30mLevel 1[0m _identify(src/unitree-go2-ros2/champ/docs) by extensions ['cmake', 'python']
[0.143s] [34mcolcon.colcon_core.package_identification[0m [1;30mLevel 1[0m _identify(src/unitree-go2-ros2/champ/docs) by extension 'cmake'
[0.143s] [34mcolcon.colcon_core.package_identification[0m [1;30mLevel 1[0m _identify(src/unitree-go2-ros2/champ/docs) by extension 'python'
[0.143s] [34mcolcon.colcon_core.package_identification[0m [1;30mLevel 1[0m _identify(src/unitree-go2-ros2/champ/docs) by extensions ['python_setup_py']
[0.143s] [34mcolcon.colcon_core.package_identification[0m [1;30mLevel 1[0m _identify(src/unitree-go2-ros2/champ/docs) by extension 'python_setup_py'
[0.143s] [34mcolcon.colcon_core.package_identification[0m [1;30mLevel 1[0m _identify(src/unitree-go2-ros2/champ/docs/images) by extensions ['ignore', 'ignore_ament_install']
[0.143s] [34mcolcon.colcon_core.package_identification[0m [1;30mLevel 1[0m _identify(src/unitree-go2-ros2/champ/docs/images) by extension 'ignore'
[0.143s] [34mcolcon.colcon_core.package_identification[0m [1;30mLevel 1[0m _identify(src/unitree-go2-ros2/champ/docs/images) by extension 'ignore_ament_install'
[0.143s] [34mcolcon.colcon_core.package_identification[0m [1;30mLevel 1[0m _identify(src/unitree-go2-ros2/champ/docs/images) by extensions ['colcon_pkg']
[0.143s] [34mcolcon.colcon_core.package_identification[0m [1;30mLevel 1[0m _identify(src/unitree-go2-ros2/champ/docs/images) by extension 'colcon_pkg'
[0.143s] [34mcolcon.colcon_core.package_identification[0m [1;30mLevel 1[0m _identify(src/unitree-go2-ros2/champ/docs/images) by extensions ['colcon_meta']
[0.143s] [34mcolcon.colcon_core.package_identification[0m [1;30mLevel 1[0m _identify(src/unitree-go2-ros2/champ/docs/images) by extension 'colcon_meta'
[0.143s] [34mcolcon.colcon_core.package_identification[0m [1;30mLevel 1[0m _identify(src/unitree-go2-ros2/champ/docs/images) by extensions ['ros']
[0.143s] [34mcolcon.colcon_core.package_identification[0m [1;30mLevel 1[0m _identify(src/unitree-go2-ros2/champ/docs/images) by extension 'ros'
[0.143s] [34mcolcon.colcon_core.package_identification[0m [1;30mLevel 1[0m _identify(src/unitree-go2-ros2/champ/docs/images) by extensions ['cmake', 'python']
[0.143s] [34mcolcon.colcon_core.package_identification[0m [1;30mLevel 1[0m _identify(src/unitree-go2-ros2/champ/docs/images) by extension 'cmake'
[0.143s] [34mcolcon.colcon_core.package_identification[0m [1;30mLevel 1[0m _identify(src/unitree-go2-ros2/champ/docs/images) by extension 'python'
[0.143s] [34mcolcon.colcon_core.package_identification[0m [1;30mLevel 1[0m _identify(src/unitree-go2-ros2/champ/docs/images) by extensions ['python_setup_py']
[0.143s] [34mcolcon.colcon_core.package_identification[0m [1;30mLevel 1[0m _identify(src/unitree-go2-ros2/champ/docs/images) by extension 'python_setup_py'
[0.144s] [34mcolcon.colcon_core.package_identification[0m [1;30mLevel 1[0m _identify(src/unitree-go2-ros2/champ_teleop) by extensions ['ignore', 'ignore_ament_install']
[0.144s] [34mcolcon.colcon_core.package_identification[0m [1;30mLevel 1[0m _identify(src/unitree-go2-ros2/champ_teleop) by extension 'ignore'
[0.144s] [34mcolcon.colcon_core.package_identification[0m [1;30mLevel 1[0m _identify(src/unitree-go2-ros2/champ_teleop) by extension 'ignore_ament_install'
[0.144s] [34mcolcon.colcon_core.package_identification[0m [1;30mLevel 1[0m _identify(src/unitree-go2-ros2/champ_teleop) by extensions ['colcon_pkg']
[0.144s] [34mcolcon.colcon_core.package_identification[0m [1;30mLevel 1[0m _identify(src/unitree-go2-ros2/champ_teleop) by extension 'colcon_pkg'
[0.144s] [34mcolcon.colcon_core.package_identification[0m [1;30mLevel 1[0m _identify(src/unitree-go2-ros2/champ_teleop) by extensions ['colcon_meta']
[0.144s] [34mcolcon.colcon_core.package_identification[0m [1;30mLevel 1[0m _identify(src/unitree-go2-ros2/champ_teleop) by extension 'colcon_meta'
[0.144s] [34mcolcon.colcon_core.package_identification[0m [1;30mLevel 1[0m _identify(src/unitree-go2-ros2/champ_teleop) by extensions ['ros']
[0.144s] [34mcolcon.colcon_core.package_identification[0m [1;30mLevel 1[0m _identify(src/unitree-go2-ros2/champ_teleop) by extension 'ros'
[0.144s] [34mcolcon.colcon_core.package_identification[0m [1;30mDEBUG[0m [32mPackage 'src/unitree-go2-ros2/champ_teleop' with type 'ros.ament_cmake' and name 'champ_teleop'[0m
[0.144s] [34mcolcon.colcon_core.package_identification[0m [1;30mLevel 1[0m _identify(src/unitree-go2-ros2/robots) by extensions ['ignore', 'ignore_ament_install']
[0.144s] [34mcolcon.colcon_core.package_identification[0m [1;30mLevel 1[0m _identify(src/unitree-go2-ros2/robots) by extension 'ignore'
[0.144s] [34mcolcon.colcon_core.package_identification[0m [1;30mLevel 1[0m _identify(src/unitree-go2-ros2/robots) by extension 'ignore_ament_install'
[0.144s] [34mcolcon.colcon_core.package_identification[0m [1;30mLevel 1[0m _identify(src/unitree-go2-ros2/robots) by extensions ['colcon_pkg']
[0.144s] [34mcolcon.colcon_core.package_identification[0m [1;30mLevel 1[0m _identify(src/unitree-go2-ros2/robots) by extension 'colcon_pkg'
[0.144s] [34mcolcon.colcon_core.package_identification[0m [1;30mLevel 1[0m _identify(src/unitree-go2-ros2/robots) by extensions ['colcon_meta']
[0.144s] [34mcolcon.colcon_core.package_identification[0m [1;30mLevel 1[0m _identify(src/unitree-go2-ros2/robots) by extension 'colcon_meta'
[0.144s] [34mcolcon.colcon_core.package_identification[0m [1;30mLevel 1[0m _identify(src/unitree-go2-ros2/robots) by extensions ['ros']
[0.144s] [34mcolcon.colcon_core.package_identification[0m [1;30mLevel 1[0m _identify(src/unitree-go2-ros2/robots) by extension 'ros'
[0.144s] [34mcolcon.colcon_core.package_identification[0m [1;30mLevel 1[0m _identify(src/unitree-go2-ros2/robots) by extensions ['cmake', 'python']
[0.144s] [34mcolcon.colcon_core.package_identification[0m [1;30mLevel 1[0m _identify(src/unitree-go2-ros2/robots) by extension 'cmake'
[0.144s] [34mcolcon.colcon_core.package_identification[0m [1;30mLevel 1[0m _identify(src/unitree-go2-ros2/robots) by extension 'python'
[0.145s] [34mcolcon.colcon_core.package_identification[0m [1;30mLevel 1[0m _identify(src/unitree-go2-ros2/robots) by extensions ['python_setup_py']
[0.145s] [34mcolcon.colcon_core.package_identification[0m [1;30mLevel 1[0m _identify(src/unitree-go2-ros2/robots) by extension 'python_setup_py'
[0.145s] [34mcolcon.colcon_core.package_identification[0m [1;30mLevel 1[0m _identify(src/unitree-go2-ros2/robots/configs) by extensions ['ignore', 'ignore_ament_install']
[0.145s] [34mcolcon.colcon_core.package_identification[0m [1;30mLevel 1[0m _identify(src/unitree-go2-ros2/robots/configs) by extension 'ignore'
[0.145s] [34mcolcon.colcon_core.package_identification[0m [1;30mLevel 1[0m _identify(src/unitree-go2-ros2/robots/configs) by extension 'ignore_ament_install'
[0.145s] [34mcolcon.colcon_core.package_identification[0m [1;30mLevel 1[0m _identify(src/unitree-go2-ros2/robots/configs) by extensions ['colcon_pkg']
[0.145s] [34mcolcon.colcon_core.package_identification[0m [1;30mLevel 1[0m _identify(src/unitree-go2-ros2/robots/configs) by extension 'colcon_pkg'
[0.145s] [34mcolcon.colcon_core.package_identification[0m [1;30mLevel 1[0m _identify(src/unitree-go2-ros2/robots/configs) by extensions ['colcon_meta']
[0.145s] [34mcolcon.colcon_core.package_identification[0m [1;30mLevel 1[0m _identify(src/unitree-go2-ros2/robots/configs) by extension 'colcon_meta'
[0.145s] [34mcolcon.colcon_core.package_identification[0m [1;30mLevel 1[0m _identify(src/unitree-go2-ros2/robots/configs) by extensions ['ros']
[0.145s] [34mcolcon.colcon_core.package_identification[0m [1;30mLevel 1[0m _identify(src/unitree-go2-ros2/robots/configs) by extension 'ros'
[0.145s] [34mcolcon.colcon_core.package_identification[0m [1;30mLevel 1[0m _identify(src/unitree-go2-ros2/robots/configs) by extensions ['cmake', 'python']
[0.145s] [34mcolcon.colcon_core.package_identification[0m [1;30mLevel 1[0m _identify(src/unitree-go2-ros2/robots/configs) by extension 'cmake'
[0.145s] [34mcolcon.colcon_core.package_identification[0m [1;30mLevel 1[0m _identify(src/unitree-go2-ros2/robots/configs) by extension 'python'
[0.145s] [34mcolcon.colcon_core.package_identification[0m [1;30mLevel 1[0m _identify(src/unitree-go2-ros2/robots/configs) by extensions ['python_setup_py']
[0.145s] [34mcolcon.colcon_core.package_identification[0m [1;30mLevel 1[0m _identify(src/unitree-go2-ros2/robots/configs) by extension 'python_setup_py'
[0.145s] [34mcolcon.colcon_core.package_identification[0m [1;30mLevel 1[0m _identify(src/unitree-go2-ros2/robots/configs/go2_config) by extensions ['ignore', 'ignore_ament_install']
[0.145s] [34mcolcon.colcon_core.package_identification[0m [1;30mLevel 1[0m _identify(src/unitree-go2-ros2/robots/configs/go2_config) by extension 'ignore'
[0.145s] [34mcolcon.colcon_core.package_identification[0m [1;30mLevel 1[0m _identify(src/unitree-go2-ros2/robots/configs/go2_config) by extension 'ignore_ament_install'
[0.145s] [34mcolcon.colcon_core.package_identification[0m [1;30mLevel 1[0m _identify(src/unitree-go2-ros2/robots/configs/go2_config) by extensions ['colcon_pkg']
[0.145s] [34mcolcon.colcon_core.package_identification[0m [1;30mLevel 1[0m _identify(src/unitree-go2-ros2/robots/configs/go2_config) by extension 'colcon_pkg'
[0.145s] [34mcolcon.colcon_core.package_identification[0m [1;30mLevel 1[0m _identify(src/unitree-go2-ros2/robots/configs/go2_config) by extensions ['colcon_meta']
[0.145s] [34mcolcon.colcon_core.package_identification[0m [1;30mLevel 1[0m _identify(src/unitree-go2-ros2/robots/configs/go2_config) by extension 'colcon_meta'
[0.145s] [34mcolcon.colcon_core.package_identification[0m [1;30mLevel 1[0m _identify(src/unitree-go2-ros2/robots/configs/go2_config) by extensions ['ros']
[0.145s] [34mcolcon.colcon_core.package_identification[0m [1;30mLevel 1[0m _identify(src/unitree-go2-ros2/robots/configs/go2_config) by extension 'ros'
[0.145s] [34mcolcon.colcon_core.package_identification[0m [1;30mDEBUG[0m [32mPackage 'src/unitree-go2-ros2/robots/configs/go2_config' with type 'ros.ament_cmake' and name 'go2_config'[0m
[0.146s] [34mcolcon.colcon_core.package_identification[0m [1;30mLevel 1[0m _identify(src/unitree-go2-ros2/robots/descriptions) by extensions ['ignore', 'ignore_ament_install']
[0.146s] [34mcolcon.colcon_core.package_identification[0m [1;30mLevel 1[0m _identify(src/unitree-go2-ros2/robots/descriptions) by extension 'ignore'
[0.146s] [34mcolcon.colcon_core.package_identification[0m [1;30mLevel 1[0m _identify(src/unitree-go2-ros2/robots/descriptions) by extension 'ignore_ament_install'
[0.146s] [34mcolcon.colcon_core.package_identification[0m [1;30mLevel 1[0m _identify(src/unitree-go2-ros2/robots/descriptions) by extensions ['colcon_pkg']
[0.146s] [34mcolcon.colcon_core.package_identification[0m [1;30mLevel 1[0m _identify(src/unitree-go2-ros2/robots/descriptions) by extension 'colcon_pkg'
[0.146s] [34mcolcon.colcon_core.package_identification[0m [1;30mLevel 1[0m _identify(src/unitree-go2-ros2/robots/descriptions) by extensions ['colcon_meta']
[0.146s] [34mcolcon.colcon_core.package_identification[0m [1;30mLevel 1[0m _identify(src/unitree-go2-ros2/robots/descriptions) by extension 'colcon_meta'
[0.146s] [34mcolcon.colcon_core.package_identification[0m [1;30mLevel 1[0m _identify(src/unitree-go2-ros2/robots/descriptions) by extensions ['ros']
[0.146s] [34mcolcon.colcon_core.package_identification[0m [1;30mLevel 1[0m _identify(src/unitree-go2-ros2/robots/descriptions) by extension 'ros'
[0.146s] [34mcolcon.colcon_core.package_identification[0m [1;30mLevel 1[0m _identify(src/unitree-go2-ros2/robots/descriptions) by extensions ['cmake', 'python']
[0.146s] [34mcolcon.colcon_core.package_identification[0m [1;30mLevel 1[0m _identify(src/unitree-go2-ros2/robots/descriptions) by extension 'cmake'
[0.146s] [34mcolcon.colcon_core.package_identification[0m [1;30mLevel 1[0m _identify(src/unitree-go2-ros2/robots/descriptions) by extension 'python'
[0.146s] [34mcolcon.colcon_core.package_identification[0m [1;30mLevel 1[0m _identify(src/unitree-go2-ros2/robots/descriptions) by extensions ['python_setup_py']
[0.146s] [34mcolcon.colcon_core.package_identification[0m [1;30mLevel 1[0m _identify(src/unitree-go2-ros2/robots/descriptions) by extension 'python_setup_py'
[0.146s] [34mcolcon.colcon_core.package_identification[0m [1;30mLevel 1[0m _identify(src/unitree-go2-ros2/robots/descriptions/go2_description) by extensions ['ignore', 'ignore_ament_install']
[0.146s] [34mcolcon.colcon_core.package_identification[0m [1;30mLevel 1[0m _identify(src/unitree-go2-ros2/robots/descriptions/go2_description) by extension 'ignore'
[0.146s] [34mcolcon.colcon_core.package_identification[0m [1;30mLevel 1[0m _identify(src/unitree-go2-ros2/robots/descriptions/go2_description) by extension 'ignore_ament_install'
[0.146s] [34mcolcon.colcon_core.package_identification[0m [1;30mLevel 1[0m _identify(src/unitree-go2-ros2/robots/descriptions/go2_description) by extensions ['colcon_pkg']
[0.146s] [34mcolcon.colcon_core.package_identification[0m [1;30mLevel 1[0m _identify(src/unitree-go2-ros2/robots/descriptions/go2_description) by extension 'colcon_pkg'
[0.146s] [34mcolcon.colcon_core.package_identification[0m [1;30mLevel 1[0m _identify(src/unitree-go2-ros2/robots/descriptions/go2_description) by extensions ['colcon_meta']
[0.146s] [34mcolcon.colcon_core.package_identification[0m [1;30mLevel 1[0m _identify(src/unitree-go2-ros2/robots/descriptions/go2_description) by extension 'colcon_meta'
[0.146s] [34mcolcon.colcon_core.package_identification[0m [1;30mLevel 1[0m _identify(src/unitree-go2-ros2/robots/descriptions/go2_description) by extensions ['ros']
[0.146s] [34mcolcon.colcon_core.package_identification[0m [1;30mLevel 1[0m _identify(src/unitree-go2-ros2/robots/descriptions/go2_description) by extension 'ros'
[0.147s] [34mcolcon.colcon_core.package_identification[0m [1;30mDEBUG[0m [32mPackage 'src/unitree-go2-ros2/robots/descriptions/go2_description' with type 'ros.ament_cmake' and name 'go2_description'[0m
[0.147s] [34mcolcon.colcon_core.package_discovery[0m [1;30mLevel 1[0m discover_packages(recursive) using defaults
[0.147s] [34mcolcon.colcon_core.package_discovery[0m [1;30mLevel 1[0m discover_packages(ignore) discover
[0.147s] [34mcolcon.colcon_core.package_discovery[0m [1;30mLevel 1[0m discover_packages(ignore) using defaults
[0.147s] [34mcolcon.colcon_core.package_discovery[0m [1;30mLevel 1[0m discover_packages(path) discover
[0.147s] [34mcolcon.colcon_core.package_discovery[0m [1;30mLevel 1[0m discover_packages(path) using defaults
[0.158s] [34mcolcon.colcon_core.verb[0m [1;30mLevel 5[0m set package 'champ' build argument 'cmake_args' from command line to '['-DPython_EXECUTABLE=/home/irman/micromamba/envs/ros2_env/bin/python3']'
[0.158s] [34mcolcon.colcon_core.verb[0m [1;30mLevel 5[0m set package 'champ' build argument 'cmake_target' from command line to 'None'
[0.158s] [34mcolcon.colcon_core.verb[0m [1;30mLevel 5[0m set package 'champ' build argument 'cmake_target_skip_unavailable' from command line to 'False'
[0.158s] [34mcolcon.colcon_core.verb[0m [1;30mLevel 5[0m set package 'champ' build argument 'cmake_clean_cache' from command line to 'False'
[0.158s] [34mcolcon.colcon_core.verb[0m [1;30mLevel 5[0m set package 'champ' build argument 'cmake_clean_first' from command line to 'False'
[0.158s] [34mcolcon.colcon_core.verb[0m [1;30mLevel 5[0m set package 'champ' build argument 'cmake_force_configure' from command line to 'False'
[0.158s] [34mcolcon.colcon_core.verb[0m [1;30mLevel 5[0m set package 'champ' build argument 'ament_cmake_args' from command line to 'None'
[0.158s] [34mcolcon.colcon_core.verb[0m [1;30mLevel 5[0m set package 'champ' build argument 'catkin_cmake_args' from command line to 'None'
[0.158s] [34mcolcon.colcon_core.verb[0m [1;30mLevel 5[0m set package 'champ' build argument 'catkin_skip_building_tests' from command line to 'False'
[0.158s] [34mcolcon.colcon_core.verb[0m [1;30mDEBUG[0m [32mBuilding package 'champ' with the following arguments: {'ament_cmake_args': None, 'build_base': '/home/irman/3dlidar_ros2_legged_robot_inspection/build/champ', 'catkin_cmake_args': None, 'catkin_skip_building_tests': False, 'cmake_args': ['-DPython_EXECUTABLE=/home/irman/micromamba/envs/ros2_env/bin/python3'], 'cmake_clean_cache': False, 'cmake_clean_first': False, 'cmake_force_configure': False, 'cmake_target': None, 'cmake_target_skip_unavailable': False, 'install_base': '/home/irman/3dlidar_ros2_legged_robot_inspection/install/champ', 'merge_install': False, 'path': '/home/irman/3dlidar_ros2_legged_robot_inspection/src/unitree-go2-ros2/champ/champ', 'symlink_install': False, 'test_result_base': None}[0m
[0.158s] [34mcolcon.colcon_core.verb[0m [1;30mLevel 5[0m set package 'champ_config' build argument 'cmake_args' from command line to '['-DPython_EXECUTABLE=/home/irman/micromamba/envs/ros2_env/bin/python3']'
[0.158s] [34mcolcon.colcon_core.verb[0m [1;30mLevel 5[0m set package 'champ_config' build argument 'cmake_target' from command line to 'None'
[0.158s] [34mcolcon.colcon_core.verb[0m [1;30mLevel 5[0m set package 'champ_config' build argument 'cmake_target_skip_unavailable' from command line to 'False'
[0.158s] [34mcolcon.colcon_core.verb[0m [1;30mLevel 5[0m set package 'champ_config' build argument 'cmake_clean_cache' from command line to 'False'
[0.158s] [34mcolcon.colcon_core.verb[0m [1;30mLevel 5[0m set package 'champ_config' build argument 'cmake_clean_first' from command line to 'False'
[0.158s] [34mcolcon.colcon_core.verb[0m [1;30mLevel 5[0m set package 'champ_config' build argument 'cmake_force_configure' from command line to 'False'
[0.158s] [34mcolcon.colcon_core.verb[0m [1;30mLevel 5[0m set package 'champ_config' build argument 'ament_cmake_args' from command line to 'None'
[0.158s] [34mcolcon.colcon_core.verb[0m [1;30mLevel 5[0m set package 'champ_config' build argument 'catkin_cmake_args' from command line to 'None'
[0.158s] [34mcolcon.colcon_core.verb[0m [1;30mLevel 5[0m set package 'champ_config' build argument 'catkin_skip_building_tests' from command line to 'False'
[0.158s] [34mcolcon.colcon_core.verb[0m [1;30mDEBUG[0m [32mBuilding package 'champ_config' with the following arguments: {'ament_cmake_args': None, 'build_base': '/home/irman/3dlidar_ros2_legged_robot_inspection/build/champ_config', 'catkin_cmake_args': None, 'catkin_skip_building_tests': False, 'cmake_args': ['-DPython_EXECUTABLE=/home/irman/micromamba/envs/ros2_env/bin/python3'], 'cmake_clean_cache': False, 'cmake_clean_first': False, 'cmake_force_configure': False, 'cmake_target': None, 'cmake_target_skip_unavailable': False, 'install_base': '/home/irman/3dlidar_ros2_legged_robot_inspection/install/champ_config', 'merge_install': False, 'path': '/home/irman/3dlidar_ros2_legged_robot_inspection/src/unitree-go2-ros2/champ/champ_config', 'symlink_install': False, 'test_result_base': None}[0m
[0.159s] [34mcolcon.colcon_core.verb[0m [1;30mLevel 5[0m set package 'champ_description' build argument 'cmake_args' from command line to '['-DPython_EXECUTABLE=/home/irman/micromamba/envs/ros2_env/bin/python3']'
[0.159s] [34mcolcon.colcon_core.verb[0m [1;30mLevel 5[0m set package 'champ_description' build argument 'cmake_target' from command line to 'None'
[0.159s] [34mcolcon.colcon_core.verb[0m [1;30mLevel 5[0m set package 'champ_description' build argument 'cmake_target_skip_unavailable' from command line to 'False'
[0.159s] [34mcolcon.colcon_core.verb[0m [1;30mLevel 5[0m set package 'champ_description' build argument 'cmake_clean_cache' from command line to 'False'
[0.159s] [34mcolcon.colcon_core.verb[0m [1;30mLevel 5[0m set package 'champ_description' build argument 'cmake_clean_first' from command line to 'False'
[0.159s] [34mcolcon.colcon_core.verb[0m [1;30mLevel 5[0m set package 'champ_description' build argument 'cmake_force_configure' from command line to 'False'
[0.159s] [34mcolcon.colcon_core.verb[0m [1;30mLevel 5[0m set package 'champ_description' build argument 'ament_cmake_args' from command line to 'None'
[0.159s] [34mcolcon.colcon_core.verb[0m [1;30mLevel 5[0m set package 'champ_description' build argument 'catkin_cmake_args' from command line to 'None'
[0.159s] [34mcolcon.colcon_core.verb[0m [1;30mLevel 5[0m set package 'champ_description' build argument 'catkin_skip_building_tests' from command line to 'False'
[0.159s] [34mcolcon.colcon_core.verb[0m [1;30mDEBUG[0m [32mBuilding package 'champ_description' with the following arguments: {'ament_cmake_args': None, 'build_base': '/home/irman/3dlidar_ros2_legged_robot_inspection/build/champ_description', 'catkin_cmake_args': None, 'catkin_skip_building_tests': False, 'cmake_args': ['-DPython_EXECUTABLE=/home/irman/micromamba/envs/ros2_env/bin/python3'], 'cmake_clean_cache': False, 'cmake_clean_first': False, 'cmake_force_configure': False, 'cmake_target': None, 'cmake_target_skip_unavailable': False, 'install_base': '/home/irman/3dlidar_ros2_legged_robot_inspection/install/champ_description', 'merge_install': False, 'path': '/home/irman/3dlidar_ros2_legged_robot_inspection/src/unitree-go2-ros2/champ/champ_description', 'symlink_install': False, 'test_result_base': None}[0m
[0.159s] [34mcolcon.colcon_core.verb[0m [1;30mLevel 5[0m set package 'champ_msgs' build argument 'cmake_args' from command line to '['-DPython_EXECUTABLE=/home/irman/micromamba/envs/ros2_env/bin/python3']'
[0.159s] [34mcolcon.colcon_core.verb[0m [1;30mLevel 5[0m set package 'champ_msgs' build argument 'cmake_target' from command line to 'None'
[0.159s] [34mcolcon.colcon_core.verb[0m [1;30mLevel 5[0m set package 'champ_msgs' build argument 'cmake_target_skip_unavailable' from command line to 'False'
[0.159s] [34mcolcon.colcon_core.verb[0m [1;30mLevel 5[0m set package 'champ_msgs' build argument 'cmake_clean_cache' from command line to 'False'
[0.159s] [34mcolcon.colcon_core.verb[0m [1;30mLevel 5[0m set package 'champ_msgs' build argument 'cmake_clean_first' from command line to 'False'
[0.159s] [34mcolcon.colcon_core.verb[0m [1;30mLevel 5[0m set package 'champ_msgs' build argument 'cmake_force_configure' from command line to 'False'
[0.159s] [34mcolcon.colcon_core.verb[0m [1;30mLevel 5[0m set package 'champ_msgs' build argument 'ament_cmake_args' from command line to 'None'
[0.159s] [34mcolcon.colcon_core.verb[0m [1;30mLevel 5[0m set package 'champ_msgs' build argument 'catkin_cmake_args' from command line to 'None'
[0.159s] [34mcolcon.colcon_core.verb[0m [1;30mLevel 5[0m set package 'champ_msgs' build argument 'catkin_skip_building_tests' from command line to 'False'
[0.159s] [34mcolcon.colcon_core.verb[0m [1;30mDEBUG[0m [32mBuilding package 'champ_msgs' with the following arguments: {'ament_cmake_args': None, 'build_base': '/home/irman/3dlidar_ros2_legged_robot_inspection/build/champ_msgs', 'catkin_cmake_args': None, 'catkin_skip_building_tests': False, 'cmake_args': ['-DPython_EXECUTABLE=/home/irman/micromamba/envs/ros2_env/bin/python3'], 'cmake_clean_cache': False, 'cmake_clean_first': False, 'cmake_force_configure': False, 'cmake_target': None, 'cmake_target_skip_unavailable': False, 'install_base': '/home/irman/3dlidar_ros2_legged_robot_inspection/install/champ_msgs', 'merge_install': False, 'path': '/home/irman/3dlidar_ros2_legged_robot_inspection/src/unitree-go2-ros2/champ/champ_msgs', 'symlink_install': False, 'test_result_base': None}[0m
[0.159s] [34mcolcon.colcon_core.verb[0m [1;30mLevel 5[0m set package 'champ_navigation' build argument 'cmake_args' from command line to '['-DPython_EXECUTABLE=/home/irman/micromamba/envs/ros2_env/bin/python3']'
[0.159s] [34mcolcon.colcon_core.verb[0m [1;30mLevel 5[0m set package 'champ_navigation' build argument 'cmake_target' from command line to 'None'
[0.159s] [34mcolcon.colcon_core.verb[0m [1;30mLevel 5[0m set package 'champ_navigation' build argument 'cmake_target_skip_unavailable' from command line to 'False'
[0.159s] [34mcolcon.colcon_core.verb[0m [1;30mLevel 5[0m set package 'champ_navigation' build argument 'cmake_clean_cache' from command line to 'False'
[0.159s] [34mcolcon.colcon_core.verb[0m [1;30mLevel 5[0m set package 'champ_navigation' build argument 'cmake_clean_first' from command line to 'False'
[0.159s] [34mcolcon.colcon_core.verb[0m [1;30mLevel 5[0m set package 'champ_navigation' build argument 'cmake_force_configure' from command line to 'False'
[0.159s] [34mcolcon.colcon_core.verb[0m [1;30mLevel 5[0m set package 'champ_navigation' build argument 'ament_cmake_args' from command line to 'None'
[0.159s] [34mcolcon.colcon_core.verb[0m [1;30mLevel 5[0m set package 'champ_navigation' build argument 'catkin_cmake_args' from command line to 'None'
[0.159s] [34mcolcon.colcon_core.verb[0m [1;30mLevel 5[0m set package 'champ_navigation' build argument 'catkin_skip_building_tests' from command line to 'False'
[0.159s] [34mcolcon.colcon_core.verb[0m [1;30mDEBUG[0m [32mBuilding package 'champ_navigation' with the following arguments: {'ament_cmake_args': None, 'build_base': '/home/irman/3dlidar_ros2_legged_robot_inspection/build/champ_navigation', 'catkin_cmake_args': None, 'catkin_skip_building_tests': False, 'cmake_args': ['-DPython_EXECUTABLE=/home/irman/micromamba/envs/ros2_env/bin/python3'], 'cmake_clean_cache': False, 'cmake_clean_first': False, 'cmake_force_configure': False, 'cmake_target': None, 'cmake_target_skip_unavailable': False, 'install_base': '/home/irman/3dlidar_ros2_legged_robot_inspection/install/champ_navigation', 'merge_install': False, 'path': '/home/irman/3dlidar_ros2_legged_robot_inspection/src/unitree-go2-ros2/champ/champ_navigation', 'symlink_install': False, 'test_result_base': None}[0m
[0.160s] [34mcolcon.colcon_core.verb[0m [1;30mLevel 5[0m set package 'champ_teleop' build argument 'cmake_args' from command line to '['-DPython_EXECUTABLE=/home/irman/micromamba/envs/ros2_env/bin/python3']'
[0.160s] [34mcolcon.colcon_core.verb[0m [1;30mLevel 5[0m set package 'champ_teleop' build argument 'cmake_target' from command line to 'None'
[0.160s] [34mcolcon.colcon_core.verb[0m [1;30mLevel 5[0m set package 'champ_teleop' build argument 'cmake_target_skip_unavailable' from command line to 'False'
[0.160s] [34mcolcon.colcon_core.verb[0m [1;30mLevel 5[0m set package 'champ_teleop' build argument 'cmake_clean_cache' from command line to 'False'
[0.160s] [34mcolcon.colcon_core.verb[0m [1;30mLevel 5[0m set package 'champ_teleop' build argument 'cmake_clean_first' from command line to 'False'
[0.160s] [34mcolcon.colcon_core.verb[0m [1;30mLevel 5[0m set package 'champ_teleop' build argument 'cmake_force_configure' from command line to 'False'
[0.160s] [34mcolcon.colcon_core.verb[0m [1;30mLevel 5[0m set package 'champ_teleop' build argument 'ament_cmake_args' from command line to 'None'
[0.160s] [34mcolcon.colcon_core.verb[0m [1;30mLevel 5[0m set package 'champ_teleop' build argument 'catkin_cmake_args' from command line to 'None'
[0.160s] [34mcolcon.colcon_core.verb[0m [1;30mLevel 5[0m set package 'champ_teleop' build argument 'catkin_skip_building_tests' from command line to 'False'
[0.160s] [34mcolcon.colcon_core.verb[0m [1;30mDEBUG[0m [32mBuilding package 'champ_teleop' with the following arguments: {'ament_cmake_args': None, 'build_base': '/home/irman/3dlidar_ros2_legged_robot_inspection/build/champ_teleop', 'catkin_cmake_args': None, 'catkin_skip_building_tests': False, 'cmake_args': ['-DPython_EXECUTABLE=/home/irman/micromamba/envs/ros2_env/bin/python3'], 'cmake_clean_cache': False, 'cmake_clean_first': False, 'cmake_force_configure': False, 'cmake_target': None, 'cmake_target_skip_unavailable': False, 'install_base': '/home/irman/3dlidar_ros2_legged_robot_inspection/install/champ_teleop', 'merge_install': False, 'path': '/home/irman/3dlidar_ros2_legged_robot_inspection/src/unitree-go2-ros2/champ_teleop', 'symlink_install': False, 'test_result_base': None}[0m
[0.160s] [34mcolcon.colcon_core.verb[0m [1;30mLevel 5[0m set package 'go2_config' build argument 'cmake_args' from command line to '['-DPython_EXECUTABLE=/home/irman/micromamba/envs/ros2_env/bin/python3']'
[0.160s] [34mcolcon.colcon_core.verb[0m [1;30mLevel 5[0m set package 'go2_config' build argument 'cmake_target' from command line to 'None'
[0.160s] [34mcolcon.colcon_core.verb[0m [1;30mLevel 5[0m set package 'go2_config' build argument 'cmake_target_skip_unavailable' from command line to 'False'
[0.160s] [34mcolcon.colcon_core.verb[0m [1;30mLevel 5[0m set package 'go2_config' build argument 'cmake_clean_cache' from command line to 'False'
[0.160s] [34mcolcon.colcon_core.verb[0m [1;30mLevel 5[0m set package 'go2_config' build argument 'cmake_clean_first' from command line to 'False'
[0.160s] [34mcolcon.colcon_core.verb[0m [1;30mLevel 5[0m set package 'go2_config' build argument 'cmake_force_configure' from command line to 'False'
[0.160s] [34mcolcon.colcon_core.verb[0m [1;30mLevel 5[0m set package 'go2_config' build argument 'ament_cmake_args' from command line to 'None'
[0.160s] [34mcolcon.colcon_core.verb[0m [1;30mLevel 5[0m set package 'go2_config' build argument 'catkin_cmake_args' from command line to 'None'
[0.160s] [34mcolcon.colcon_core.verb[0m [1;30mLevel 5[0m set package 'go2_config' build argument 'catkin_skip_building_tests' from command line to 'False'
[0.160s] [34mcolcon.colcon_core.verb[0m [1;30mDEBUG[0m [32mBuilding package 'go2_config' with the following arguments: {'ament_cmake_args': None, 'build_base': '/home/irman/3dlidar_ros2_legged_robot_inspection/build/go2_config', 'catkin_cmake_args': None, 'catkin_skip_building_tests': False, 'cmake_args': ['-DPython_EXECUTABLE=/home/irman/micromamba/envs/ros2_env/bin/python3'], 'cmake_clean_cache': False, 'cmake_clean_first': False, 'cmake_force_configure': False, 'cmake_target': None, 'cmake_target_skip_unavailable': False, 'install_base': '/home/irman/3dlidar_ros2_legged_robot_inspection/install/go2_config', 'merge_install': False, 'path': '/home/irman/3dlidar_ros2_legged_robot_inspection/src/unitree-go2-ros2/robots/configs/go2_config', 'symlink_install': False, 'test_result_base': None}[0m
[0.160s] [34mcolcon.colcon_core.verb[0m [1;30mLevel 5[0m set package 'go2_control' build argument 'cmake_args' from command line to '['-DPython_EXECUTABLE=/home/irman/micromamba/envs/ros2_env/bin/python3']'
[0.160s] [34mcolcon.colcon_core.verb[0m [1;30mLevel 5[0m set package 'go2_control' build argument 'cmake_target' from command line to 'None'
[0.160s] [34mcolcon.colcon_core.verb[0m [1;30mLevel 5[0m set package 'go2_control' build argument 'cmake_target_skip_unavailable' from command line to 'False'
[0.160s] [34mcolcon.colcon_core.verb[0m [1;30mLevel 5[0m set package 'go2_control' build argument 'cmake_clean_cache' from command line to 'False'
[0.160s] [34mcolcon.colcon_core.verb[0m [1;30mLevel 5[0m set package 'go2_control' build argument 'cmake_clean_first' from command line to 'False'
[0.160s] [34mcolcon.colcon_core.verb[0m [1;30mLevel 5[0m set package 'go2_control' build argument 'cmake_force_configure' from command line to 'False'
[0.160s] [34mcolcon.colcon_core.verb[0m [1;30mLevel 5[0m set package 'go2_control' build argument 'ament_cmake_args' from command line to 'None'
[0.160s] [34mcolcon.colcon_core.verb[0m [1;30mLevel 5[0m set package 'go2_control' build argument 'catkin_cmake_args' from command line to 'None'
[0.160s] [34mcolcon.colcon_core.verb[0m [1;30mLevel 5[0m set package 'go2_control' build argument 'catkin_skip_building_tests' from command line to 'False'
[0.160s] [34mcolcon.colcon_core.verb[0m [1;30mDEBUG[0m [32mBuilding package 'go2_control' with the following arguments: {'ament_cmake_args': None, 'build_base': '/home/irman/3dlidar_ros2_legged_robot_inspection/build/go2_control', 'catkin_cmake_args': None, 'catkin_skip_building_tests': False, 'cmake_args': ['-DPython_EXECUTABLE=/home/irman/micromamba/envs/ros2_env/bin/python3'], 'cmake_clean_cache': False, 'cmake_clean_first': False, 'cmake_force_configure': False, 'cmake_target': None, 'cmake_target_skip_unavailable': False, 'install_base': '/home/irman/3dlidar_ros2_legged_robot_inspection/install/go2_control', 'merge_install': False, 'path': '/home/irman/3dlidar_ros2_legged_robot_inspection/src/go2_control', 'symlink_install': False, 'test_result_base': None}[0m
[0.160s] [34mcolcon.colcon_core.verb[0m [1;30mLevel 5[0m set package 'go2_description' build argument 'cmake_args' from command line to '['-DPython_EXECUTABLE=/home/irman/micromamba/envs/ros2_env/bin/python3']'
[0.160s] [34mcolcon.colcon_core.verb[0m [1;30mLevel 5[0m set package 'go2_description' build argument 'cmake_target' from command line to 'None'
[0.160s] [34mcolcon.colcon_core.verb[0m [1;30mLevel 5[0m set package 'go2_description' build argument 'cmake_target_skip_unavailable' from command line to 'False'
[0.160s] [34mcolcon.colcon_core.verb[0m [1;30mLevel 5[0m set package 'go2_description' build argument 'cmake_clean_cache' from command line to 'False'
[0.161s] [34mcolcon.colcon_core.verb[0m [1;30mLevel 5[0m set package 'go2_description' build argument 'cmake_clean_first' from command line to 'False'
[0.161s] [34mcolcon.colcon_core.verb[0m [1;30mLevel 5[0m set package 'go2_description' build argument 'cmake_force_configure' from command line to 'False'
[0.161s] [34mcolcon.colcon_core.verb[0m [1;30mLevel 5[0m set package 'go2_description' build argument 'ament_cmake_args' from command line to 'None'
[0.161s] [34mcolcon.colcon_core.verb[0m [1;30mLevel 5[0m set package 'go2_description' build argument 'catkin_cmake_args' from command line to 'None'
[0.161s] [34mcolcon.colcon_core.verb[0m [1;30mLevel 5[0m set package 'go2_description' build argument 'catkin_skip_building_tests' from command line to 'False'
[0.161s] [34mcolcon.colcon_core.verb[0m [1;30mDEBUG[0m [32mBuilding package 'go2_description' with the following arguments: {'ament_cmake_args': None, 'build_base': '/home/irman/3dlidar_ros2_legged_robot_inspection/build/go2_description', 'catkin_cmake_args': None, 'catkin_skip_building_tests': False, 'cmake_args': ['-DPython_EXECUTABLE=/home/irman/micromamba/envs/ros2_env/bin/python3'], 'cmake_clean_cache': False, 'cmake_clean_first': False, 'cmake_force_configure': False, 'cmake_target': None, 'cmake_target_skip_unavailable': False, 'install_base': '/home/irman/3dlidar_ros2_legged_robot_inspection/install/go2_description', 'merge_install': False, 'path': '/home/irman/3dlidar_ros2_legged_robot_inspection/src/unitree-go2-ros2/robots/descriptions/go2_description', 'symlink_install': False, 'test_result_base': None}[0m
[0.161s] [34mcolcon.colcon_core.verb[0m [1;30mLevel 5[0m set package 'champ_base' build argument 'cmake_args' from command line to '['-DPython_EXECUTABLE=/home/irman/micromamba/envs/ros2_env/bin/python3']'
[0.161s] [34mcolcon.colcon_core.verb[0m [1;30mLevel 5[0m set package 'champ_base' build argument 'cmake_target' from command line to 'None'
[0.161s] [34mcolcon.colcon_core.verb[0m [1;30mLevel 5[0m set package 'champ_base' build argument 'cmake_target_skip_unavailable' from command line to 'False'
[0.161s] [34mcolcon.colcon_core.verb[0m [1;30mLevel 5[0m set package 'champ_base' build argument 'cmake_clean_cache' from command line to 'False'
[0.161s] [34mcolcon.colcon_core.verb[0m [1;30mLevel 5[0m set package 'champ_base' build argument 'cmake_clean_first' from command line to 'False'
[0.161s] [34mcolcon.colcon_core.verb[0m [1;30mLevel 5[0m set package 'champ_base' build argument 'cmake_force_configure' from command line to 'False'
[0.161s] [34mcolcon.colcon_core.verb[0m [1;30mLevel 5[0m set package 'champ_base' build argument 'ament_cmake_args' from command line to 'None'
[0.161s] [34mcolcon.colcon_core.verb[0m [1;30mLevel 5[0m set package 'champ_base' build argument 'catkin_cmake_args' from command line to 'None'
[0.161s] [34mcolcon.colcon_core.verb[0m [1;30mLevel 5[0m set package 'champ_base' build argument 'catkin_skip_building_tests' from command line to 'False'
[0.161s] [34mcolcon.colcon_core.verb[0m [1;30mDEBUG[0m [32mBuilding package 'champ_base' with the following arguments: {'ament_cmake_args': None, 'build_base': '/home/irman/3dlidar_ros2_legged_robot_inspection/build/champ_base', 'catkin_cmake_args': None, 'catkin_skip_building_tests': False, 'cmake_args': ['-DPython_EXECUTABLE=/home/irman/micromamba/envs/ros2_env/bin/python3'], 'cmake_clean_cache': False, 'cmake_clean_first': False, 'cmake_force_configure': False, 'cmake_target': None, 'cmake_target_skip_unavailable': False, 'install_base': '/home/irman/3dlidar_ros2_legged_robot_inspection/install/champ_base', 'merge_install': False, 'path': '/home/irman/3dlidar_ros2_legged_robot_inspection/src/unitree-go2-ros2/champ/champ_base', 'symlink_install': False, 'test_result_base': None}[0m
[0.161s] [34mcolcon.colcon_core.verb[0m [1;30mLevel 5[0m set package 'champ_gazebo' build argument 'cmake_args' from command line to '['-DPython_EXECUTABLE=/home/irman/micromamba/envs/ros2_env/bin/python3']'
[0.161s] [34mcolcon.colcon_core.verb[0m [1;30mLevel 5[0m set package 'champ_gazebo' build argument 'cmake_target' from command line to 'None'
[0.161s] [34mcolcon.colcon_core.verb[0m [1;30mLevel 5[0m set package 'champ_gazebo' build argument 'cmake_target_skip_unavailable' from command line to 'False'
[0.161s] [34mcolcon.colcon_core.verb[0m [1;30mLevel 5[0m set package 'champ_gazebo' build argument 'cmake_clean_cache' from command line to 'False'
[0.161s] [34mcolcon.colcon_core.verb[0m [1;30mLevel 5[0m set package 'champ_gazebo' build argument 'cmake_clean_first' from command line to 'False'
[0.161s] [34mcolcon.colcon_core.verb[0m [1;30mLevel 5[0m set package 'champ_gazebo' build argument 'cmake_force_configure' from command line to 'False'
[0.161s] [34mcolcon.colcon_core.verb[0m [1;30mLevel 5[0m set package 'champ_gazebo' build argument 'ament_cmake_args' from command line to 'None'
[0.161s] [34mcolcon.colcon_core.verb[0m [1;30mLevel 5[0m set package 'champ_gazebo' build argument 'catkin_cmake_args' from command line to 'None'
[0.161s] [34mcolcon.colcon_core.verb[0m [1;30mLevel 5[0m set package 'champ_gazebo' build argument 'catkin_skip_building_tests' from command line to 'False'
[0.161s] [34mcolcon.colcon_core.verb[0m [1;30mDEBUG[0m [32mBuilding package 'champ_gazebo' with the following arguments: {'ament_cmake_args': None, 'build_base': '/home/irman/3dlidar_ros2_legged_robot_inspection/build/champ_gazebo', 'catkin_cmake_args': None, 'catkin_skip_building_tests': False, 'cmake_args': ['-DPython_EXECUTABLE=/home/irman/micromamba/envs/ros2_env/bin/python3'], 'cmake_clean_cache': False, 'cmake_clean_first': False, 'cmake_force_configure': False, 'cmake_target': None, 'cmake_target_skip_unavailable': False, 'install_base': '/home/irman/3dlidar_ros2_legged_robot_inspection/install/champ_gazebo', 'merge_install': False, 'path': '/home/irman/3dlidar_ros2_legged_robot_inspection/src/unitree-go2-ros2/champ/champ_gazebo', 'symlink_install': False, 'test_result_base': None}[0m
[0.161s] [34mcolcon.colcon_core.verb[0m [1;30mLevel 5[0m set package 'champ_bringup' build argument 'cmake_args' from command line to '['-DPython_EXECUTABLE=/home/irman/micromamba/envs/ros2_env/bin/python3']'
[0.161s] [34mcolcon.colcon_core.verb[0m [1;30mLevel 5[0m set package 'champ_bringup' build argument 'cmake_target' from command line to 'None'
[0.161s] [34mcolcon.colcon_core.verb[0m [1;30mLevel 5[0m set package 'champ_bringup' build argument 'cmake_target_skip_unavailable' from command line to 'False'
[0.161s] [34mcolcon.colcon_core.verb[0m [1;30mLevel 5[0m set package 'champ_bringup' build argument 'cmake_clean_cache' from command line to 'False'
[0.161s] [34mcolcon.colcon_core.verb[0m [1;30mLevel 5[0m set package 'champ_bringup' build argument 'cmake_clean_first' from command line to 'False'
[0.161s] [34mcolcon.colcon_core.verb[0m [1;30mLevel 5[0m set package 'champ_bringup' build argument 'cmake_force_configure' from command line to 'False'
[0.161s] [34mcolcon.colcon_core.verb[0m [1;30mLevel 5[0m set package 'champ_bringup' build argument 'ament_cmake_args' from command line to 'None'
[0.161s] [34mcolcon.colcon_core.verb[0m [1;30mLevel 5[0m set package 'champ_bringup' build argument 'catkin_cmake_args' from command line to 'None'
[0.161s] [34mcolcon.colcon_core.verb[0m [1;30mLevel 5[0m set package 'champ_bringup' build argument 'catkin_skip_building_tests' from command line to 'False'
[0.161s] [34mcolcon.colcon_core.verb[0m [1;30mDEBUG[0m [32mBuilding package 'champ_bringup' with the following arguments: {'ament_cmake_args': None, 'build_base': '/home/irman/3dlidar_ros2_legged_robot_inspection/build/champ_bringup', 'catkin_cmake_args': None, 'catkin_skip_building_tests': False, 'cmake_args': ['-DPython_EXECUTABLE=/home/irman/micromamba/envs/ros2_env/bin/python3'], 'cmake_clean_cache': False, 'cmake_clean_first': False, 'cmake_force_configure': False, 'cmake_target': None, 'cmake_target_skip_unavailable': False, 'install_base': '/home/irman/3dlidar_ros2_legged_robot_inspection/install/champ_bringup', 'merge_install': False, 'path': '/home/irman/3dlidar_ros2_legged_robot_inspection/src/unitree-go2-ros2/champ/champ_bringup', 'symlink_install': False, 'test_result_base': None}[0m
[0.162s] [34mcolcon.colcon_core.verb[0m [1;30mLevel 5[0m set package 'go2_bringup' build argument 'cmake_args' from command line to '['-DPython_EXECUTABLE=/home/irman/micromamba/envs/ros2_env/bin/python3']'
[0.162s] [34mcolcon.colcon_core.verb[0m [1;30mLevel 5[0m set package 'go2_bringup' build argument 'cmake_target' from command line to 'None'
[0.162s] [34mcolcon.colcon_core.verb[0m [1;30mLevel 5[0m set package 'go2_bringup' build argument 'cmake_target_skip_unavailable' from command line to 'False'
[0.162s] [34mcolcon.colcon_core.verb[0m [1;30mLevel 5[0m set package 'go2_bringup' build argument 'cmake_clean_cache' from command line to 'False'
[0.162s] [34mcolcon.colcon_core.verb[0m [1;30mLevel 5[0m set package 'go2_bringup' build argument 'cmake_clean_first' from command line to 'False'
[0.162s] [34mcolcon.colcon_core.verb[0m [1;30mLevel 5[0m set package 'go2_bringup' build argument 'cmake_force_configure' from command line to 'False'
[0.162s] [34mcolcon.colcon_core.verb[0m [1;30mLevel 5[0m set package 'go2_bringup' build argument 'ament_cmake_args' from command line to 'None'
[0.162s] [34mcolcon.colcon_core.verb[0m [1;30mLevel 5[0m set package 'go2_bringup' build argument 'catkin_cmake_args' from command line to 'None'
[0.162s] [34mcolcon.colcon_core.verb[0m [1;30mLevel 5[0m set package 'go2_bringup' build argument 'catkin_skip_building_tests' from command line to 'False'
[0.162s] [34mcolcon.colcon_core.verb[0m [1;30mDEBUG[0m [32mBuilding package 'go2_bringup' with the following arguments: {'ament_cmake_args': None, 'build_base': '/home/irman/3dlidar_ros2_legged_robot_inspection/build/go2_bringup', 'catkin_cmake_args': None, 'catkin_skip_building_tests': False, 'cmake_args': ['-DPython_EXECUTABLE=/home/irman/micromamba/envs/ros2_env/bin/python3'], 'cmake_clean_cache': False, 'cmake_clean_first': False, 'cmake_force_configure': False, 'cmake_target': None, 'cmake_target_skip_unavailable': False, 'install_base': '/home/irman/3dlidar_ros2_legged_robot_inspection/install/go2_bringup', 'merge_install': False, 'path': '/home/irman/3dlidar_ros2_legged_robot_inspection/src/go2_bringup', 'symlink_install': False, 'test_result_base': None}[0m
[0.162s] [34mcolcon.colcon_core.executor[0m [1;30mINFO[0m Executing jobs using 'parallel' executor
[0.163s] [34mcolcon.colcon_parallel_executor.executor.parallel[0m [1;30mDEBUG[0m [32mrun_until_complete[0m
[0.163s] [34mcolcon.colcon_ros.task.ament_cmake.build[0m [1;30mINFO[0m Building ROS package in '/home/irman/3dlidar_ros2_legged_robot_inspection/src/unitree-go2-ros2/champ/champ' with build type 'ament_cmake'
[0.163s] [34mcolcon.colcon_cmake.task.cmake.build[0m [1;30mINFO[0m Building CMake package in '/home/irman/3dlidar_ros2_legged_robot_inspection/src/unitree-go2-ros2/champ/champ'
[0.165s] [34mcolcon.colcon_core.plugin_system[0m [1;30mINFO[0m Skipping extension 'colcon_core.shell.bat': Not used on non-Windows systems
[0.165s] [34mcolcon.colcon_core.shell[0m [1;30mINFO[0m Skip shell extension 'powershell' for command environment: Not usable outside of PowerShell
[0.165s] [34mcolcon.colcon_core.shell[0m [1;30mDEBUG[0m [32mSkip shell extension 'dsv' for command environment[0m
[0.168s] [34mcolcon.colcon_ros.task.ament_cmake.build[0m [1;30mINFO[0m Building ROS package in '/home/irman/3dlidar_ros2_legged_robot_inspection/src/unitree-go2-ros2/champ/champ_msgs' with build type 'ament_cmake'
[0.168s] [34mcolcon.colcon_cmake.task.cmake.build[0m [1;30mINFO[0m Building CMake package in '/home/irman/3dlidar_ros2_legged_robot_inspection/src/unitree-go2-ros2/champ/champ_msgs'
[0.168s] [34mcolcon.colcon_core.shell[0m [1;30mINFO[0m Skip shell extension 'powershell' for command environment: Not usable outside of PowerShell
[0.168s] [34mcolcon.colcon_core.shell[0m [1;30mDEBUG[0m [32mSkip shell extension 'dsv' for command environment[0m
[0.171s] [34mcolcon.colcon_ros.task.ament_cmake.build[0m [1;30mINFO[0m Building ROS package in '/home/irman/3dlidar_ros2_legged_robot_inspection/src/unitree-go2-ros2/champ/champ_description' with build type 'ament_cmake'
[0.171s] [34mcolcon.colcon_cmake.task.cmake.build[0m [1;30mINFO[0m Building CMake package in '/home/irman/3dlidar_ros2_legged_robot_inspection/src/unitree-go2-ros2/champ/champ_description'
[0.171s] [34mcolcon.colcon_core.shell[0m [1;30mINFO[0m Skip shell extension 'powershell' for command environment: Not usable outside of PowerShell
[0.171s] [34mcolcon.colcon_core.shell[0m [1;30mDEBUG[0m [32mSkip shell extension 'dsv' for command environment[0m
[0.174s] [34mcolcon.colcon_ros.task.ament_cmake.build[0m [1;30mINFO[0m Building ROS package in '/home/irman/3dlidar_ros2_legged_robot_inspection/src/unitree-go2-ros2/robots/configs/go2_config' with build type 'ament_cmake'
[0.174s] [34mcolcon.colcon_cmake.task.cmake.build[0m [1;30mINFO[0m Building CMake package in '/home/irman/3dlidar_ros2_legged_robot_inspection/src/unitree-go2-ros2/robots/configs/go2_config'
[0.174s] [34mcolcon.colcon_core.shell[0m [1;30mINFO[0m Skip shell extension 'powershell' for command environment: Not usable outside of PowerShell
[0.174s] [34mcolcon.colcon_core.shell[0m [1;30mDEBUG[0m [32mSkip shell extension 'dsv' for command environment[0m
[0.176s] [34mcolcon.colcon_ros.task.ament_python.build[0m [1;30mINFO[0m Building ROS package in '/home/irman/3dlidar_ros2_legged_robot_inspection/src/go2_control' with build type 'ament_python'
[0.177s] [34mcolcon.colcon_core.shell[0m [1;30mLevel 1[0m create_environment_hook('go2_control', 'ament_prefix_path')
[0.177s] [34mcolcon.colcon_core.shell[0m [1;30mINFO[0m Creating environment hook '/home/irman/3dlidar_ros2_legged_robot_inspection/install/go2_control/share/go2_control/hook/ament_prefix_path.ps1'
[0.177s] [34mcolcon.colcon_core.shell[0m [1;30mINFO[0m Creating environment descriptor '/home/irman/3dlidar_ros2_legged_robot_inspection/install/go2_control/share/go2_control/hook/ament_prefix_path.dsv'
[0.178s] [34mcolcon.colcon_core.shell[0m [1;30mINFO[0m Creating environment hook '/home/irman/3dlidar_ros2_legged_robot_inspection/install/go2_control/share/go2_control/hook/ament_prefix_path.sh'
[0.178s] [34mcolcon.colcon_core.shell[0m [1;30mINFO[0m Skip shell extension 'powershell' for command environment: Not usable outside of PowerShell
[0.178s] [34mcolcon.colcon_core.shell[0m [1;30mDEBUG[0m [32mSkip shell extension 'dsv' for command environment[0m
[0.181s] [34mcolcon.colcon_ros.task.ament_cmake.build[0m [1;30mINFO[0m Building ROS package in '/home/irman/3dlidar_ros2_legged_robot_inspection/src/unitree-go2-ros2/robots/descriptions/go2_description' with build type 'ament_cmake'
[0.181s] [34mcolcon.colcon_cmake.task.cmake.build[0m [1;30mINFO[0m Building CMake package in '/home/irman/3dlidar_ros2_legged_robot_inspection/src/unitree-go2-ros2/robots/descriptions/go2_description'
[0.182s] [34mcolcon.colcon_core.shell[0m [1;30mINFO[0m Skip shell extension 'powershell' for command environment: Not usable outside of PowerShell
[0.182s] [34mcolcon.colcon_core.shell[0m [1;30mDEBUG[0m [32mSkip shell extension 'dsv' for command environment[0m
[0.184s] [34mcolcon.colcon_ros.task.ament_cmake.build[0m [1;30mINFO[0m Building ROS package in '/home/irman/3dlidar_ros2_legged_robot_inspection/src/unitree-go2-ros2/champ/champ_config' with build type 'ament_cmake'
[0.184s] [34mcolcon.colcon_cmake.task.cmake.build[0m [1;30mINFO[0m Building CMake package in '/home/irman/3dlidar_ros2_legged_robot_inspection/src/unitree-go2-ros2/champ/champ_config'
[0.184s] [34mcolcon.colcon_core.shell[0m [1;30mINFO[0m Skip shell extension 'powershell' for command environment: Not usable outside of PowerShell
[0.184s] [34mcolcon.colcon_core.shell[0m [1;30mDEBUG[0m [32mSkip shell extension 'dsv' for command environment[0m
[0.187s] [34mcolcon.colcon_ros.task.ament_cmake.build[0m [1;30mINFO[0m Building ROS package in '/home/irman/3dlidar_ros2_legged_robot_inspection/src/unitree-go2-ros2/champ/champ_navigation' with build type 'ament_cmake'
[0.187s] [34mcolcon.colcon_cmake.task.cmake.build[0m [1;30mINFO[0m Building CMake package in '/home/irman/3dlidar_ros2_legged_robot_inspection/src/unitree-go2-ros2/champ/champ_navigation'
[0.187s] [34mcolcon.colcon_core.shell[0m [1;30mINFO[0m Skip shell extension 'powershell' for command environment: Not usable outside of PowerShell
[0.187s] [34mcolcon.colcon_core.shell[0m [1;30mDEBUG[0m [32mSkip shell extension 'dsv' for command environment[0m
[0.190s] [34mcolcon.colcon_ros.task.ament_cmake.build[0m [1;30mINFO[0m Building ROS package in '/home/irman/3dlidar_ros2_legged_robot_inspection/src/unitree-go2-ros2/champ_teleop' with build type 'ament_cmake'
[0.190s] [34mcolcon.colcon_cmake.task.cmake.build[0m [1;30mINFO[0m Building CMake package in '/home/irman/3dlidar_ros2_legged_robot_inspection/src/unitree-go2-ros2/champ_teleop'
[0.190s] [34mcolcon.colcon_core.shell[0m [1;30mINFO[0m Skip shell extension 'powershell' for command environment: Not usable outside of PowerShell
[0.190s] [34mcolcon.colcon_core.shell[0m [1;30mDEBUG[0m [32mSkip shell extension 'dsv' for command environment[0m
[0.197s] [34mcolcon.colcon_core.event_handler.log_command[0m [1;30mDEBUG[0m [32mInvoking command in '/home/irman/3dlidar_ros2_legged_robot_inspection/build/champ': CONDA_PROMPT_MODIFIER=(ros2_env) DEBUGINFOD_URLS=https://debuginfod.ubuntu.com /home/irman/micromamba/envs/ros2_env/bin/cmake --build /home/irman/3dlidar_ros2_legged_robot_inspection/build/champ -- -j16 -l16[0m
[0.199s] [34mcolcon.colcon_core.event_handler.log_command[0m [1;30mDEBUG[0m [32mInvoking command in '/home/irman/3dlidar_ros2_legged_robot_inspection/build/champ_msgs': CONDA_PROMPT_MODIFIER=(ros2_env) DEBUGINFOD_URLS=https://debuginfod.ubuntu.com /home/irman/micromamba/envs/ros2_env/bin/cmake --build /home/irman/3dlidar_ros2_legged_robot_inspection/build/champ_msgs -- -j16 -l16[0m
[0.202s] [34mcolcon.colcon_core.event_handler.log_command[0m [1;30mDEBUG[0m [32mInvoking command in '/home/irman/3dlidar_ros2_legged_robot_inspection/build/champ_description': CONDA_PROMPT_MODIFIER=(ros2_env) DEBUGINFOD_URLS=https://debuginfod.ubuntu.com /home/irman/micromamba/envs/ros2_env/bin/cmake --build /home/irman/3dlidar_ros2_legged_robot_inspection/build/champ_description -- -j16 -l16[0m
[0.205s] [34mcolcon.colcon_core.event_handler.log_command[0m [1;30mDEBUG[0m [32mInvoking command in '/home/irman/3dlidar_ros2_legged_robot_inspection/build/go2_config': CONDA_PROMPT_MODIFIER=(ros2_env) DEBUGINFOD_URLS=https://debuginfod.ubuntu.com /home/irman/micromamba/envs/ros2_env/bin/cmake --build /home/irman/3dlidar_ros2_legged_robot_inspection/build/go2_config -- -j16 -l16[0m
[0.382s] [34mcolcon.colcon_core.task.python.build[0m [1;30mINFO[0m Building Python package in '/home/irman/3dlidar_ros2_legged_robot_inspection/src/go2_control'
[0.383s] [34mcolcon.colcon_core.shell[0m [1;30mINFO[0m Skip shell extension 'powershell' for command environment: Not usable outside of PowerShell
[0.383s] [34mcolcon.colcon_core.shell[0m [1;30mDEBUG[0m [32mSkip shell extension 'dsv' for command environment[0m
[0.388s] [34mcolcon.colcon_core.event_handler.log_command[0m [1;30mDEBUG[0m [32mInvoking command in '/home/irman/3dlidar_ros2_legged_robot_inspection/build/go2_description': CONDA_PROMPT_MODIFIER=(ros2_env) DEBUGINFOD_URLS=https://debuginfod.ubuntu.com /home/irman/micromamba/envs/ros2_env/bin/cmake --build /home/irman/3dlidar_ros2_legged_robot_inspection/build/go2_description -- -j16 -l16[0m
[0.390s] [34mcolcon.colcon_core.event_handler.log_command[0m [1;30mDEBUG[0m [32mInvoking command in '/home/irman/3dlidar_ros2_legged_robot_inspection/build/champ_config': CONDA_PROMPT_MODIFIER=(ros2_env) DEBUGINFOD_URLS=https://debuginfod.ubuntu.com /home/irman/micromamba/envs/ros2_env/bin/cmake --build /home/irman/3dlidar_ros2_legged_robot_inspection/build/champ_config -- -j16 -l16[0m
[0.392s] [34mcolcon.colcon_core.event_handler.log_command[0m [1;30mDEBUG[0m [32mInvoking command in '/home/irman/3dlidar_ros2_legged_robot_inspection/build/champ_navigation': CONDA_PROMPT_MODIFIER=(ros2_env) DEBUGINFOD_URLS=https://debuginfod.ubuntu.com /home/irman/micromamba/envs/ros2_env/bin/cmake --build /home/irman/3dlidar_ros2_legged_robot_inspection/build/champ_navigation -- -j16 -l16[0m
[0.399s] [34mcolcon.colcon_core.event_handler.log_command[0m [1;30mDEBUG[0m [32mInvoking command in '/home/irman/3dlidar_ros2_legged_robot_inspection/build/champ_teleop': CONDA_PROMPT_MODIFIER=(ros2_env) DEBUGINFOD_URLS=https://debuginfod.ubuntu.com /home/irman/micromamba/envs/ros2_env/bin/cmake --build /home/irman/3dlidar_ros2_legged_robot_inspection/build/champ_teleop -- -j16 -l16[0m
[0.400s] [34mcolcon.colcon_core.event_handler.log_command[0m [1;30mDEBUG[0m [32mInvoked command in '/home/irman/3dlidar_ros2_legged_robot_inspection/build/champ' returned '0': CONDA_PROMPT_MODIFIER=(ros2_env) DEBUGINFOD_URLS=https://debuginfod.ubuntu.com /home/irman/micromamba/envs/ros2_env/bin/cmake --build /home/irman/3dlidar_ros2_legged_robot_inspection/build/champ -- -j16 -l16[0m
[0.407s] [34mcolcon.colcon_core.event_handler.log_command[0m [1;30mDEBUG[0m [32mInvoking command in '/home/irman/3dlidar_ros2_legged_robot_inspection/build/champ': CONDA_PROMPT_MODIFIER=(ros2_env) DEBUGINFOD_URLS=https://debuginfod.ubuntu.com /home/irman/micromamba/envs/ros2_env/bin/cmake --install /home/irman/3dlidar_ros2_legged_robot_inspection/build/champ[0m
[0.411s] [34mcolcon.colcon_core.event_handler.log_command[0m [1;30mDEBUG[0m [32mInvoked command in '/home/irman/3dlidar_ros2_legged_robot_inspection/build/go2_config' returned '0': CONDA_PROMPT_MODIFIER=(ros2_env) DEBUGINFOD_URLS=https://debuginfod.ubuntu.com /home/irman/micromamba/envs/ros2_env/bin/cmake --build /home/irman/3dlidar_ros2_legged_robot_inspection/build/go2_config -- -j16 -l16[0m
[0.413s] [34mcolcon.colcon_core.event_handler.log_command[0m [1;30mDEBUG[0m [32mInvoking command in '/home/irman/3dlidar_ros2_legged_robot_inspection/build/go2_config': CONDA_PROMPT_MODIFIER=(ros2_env) DEBUGINFOD_URLS=https://debuginfod.ubuntu.com /home/irman/micromamba/envs/ros2_env/bin/cmake --install /home/irman/3dlidar_ros2_legged_robot_inspection/build/go2_config[0m
[0.415s] [34mcolcon.colcon_core.event_handler.log_command[0m [1;30mDEBUG[0m [32mInvoked command in '/home/irman/3dlidar_ros2_legged_robot_inspection/build/champ_description' returned '0': CONDA_PROMPT_MODIFIER=(ros2_env) DEBUGINFOD_URLS=https://debuginfod.ubuntu.com /home/irman/micromamba/envs/ros2_env/bin/cmake --build /home/irman/3dlidar_ros2_legged_robot_inspection/build/champ_description -- -j16 -l16[0m
[0.417s] [34mcolcon.colcon_core.event_handler.log_command[0m [1;30mDEBUG[0m [32mInvoking command in '/home/irman/3dlidar_ros2_legged_robot_inspection/build/champ_description': CONDA_PROMPT_MODIFIER=(ros2_env) DEBUGINFOD_URLS=https://debuginfod.ubuntu.com /home/irman/micromamba/envs/ros2_env/bin/cmake --install /home/irman/3dlidar_ros2_legged_robot_inspection/build/champ_description[0m
[0.422s] [34mcolcon.colcon_core.event_handler.log_command[0m [1;30mDEBUG[0m [32mInvoked command in '/home/irman/3dlidar_ros2_legged_robot_inspection/build/go2_description' returned '0': CONDA_PROMPT_MODIFIER=(ros2_env) DEBUGINFOD_URLS=https://debuginfod.ubuntu.com /home/irman/micromamba/envs/ros2_env/bin/cmake --build /home/irman/3dlidar_ros2_legged_robot_inspection/build/go2_description -- -j16 -l16[0m
[0.430s] [34mcolcon.colcon_core.event_handler.log_command[0m [1;30mDEBUG[0m [32mInvoking command in '/home/irman/3dlidar_ros2_legged_robot_inspection/build/go2_description': CONDA_PROMPT_MODIFIER=(ros2_env) DEBUGINFOD_URLS=https://debuginfod.ubuntu.com /home/irman/micromamba/envs/ros2_env/bin/cmake --install /home/irman/3dlidar_ros2_legged_robot_inspection/build/go2_description[0m
[0.431s] [34mcolcon.colcon_core.event_handler.log_command[0m [1;30mDEBUG[0m [32mInvoked command in '/home/irman/3dlidar_ros2_legged_robot_inspection/build/champ_config' returned '0': CONDA_PROMPT_MODIFIER=(ros2_env) DEBUGINFOD_URLS=https://debuginfod.ubuntu.com /home/irman/micromamba/envs/ros2_env/bin/cmake --build /home/irman/3dlidar_ros2_legged_robot_inspection/build/champ_config -- -j16 -l16[0m
[0.431s] [34mcolcon.colcon_core.environment[0m [1;30mLevel 1[0m create_environment_scripts_only(champ)
[0.432s] [34mcolcon.colcon_core.event_handler.log_command[0m [1;30mDEBUG[0m [32mInvoking command in '/home/irman/3dlidar_ros2_legged_robot_inspection/build/champ_config': CONDA_PROMPT_MODIFIER=(ros2_env) DEBUGINFOD_URLS=https://debuginfod.ubuntu.com /home/irman/micromamba/envs/ros2_env/bin/cmake --install /home/irman/3dlidar_ros2_legged_robot_inspection/build/champ_config[0m
[0.434s] [34mcolcon.colcon_core.event_handler.log_command[0m [1;30mDEBUG[0m [32mInvoked command in '/home/irman/3dlidar_ros2_legged_robot_inspection/build/champ_navigation' returned '0': CONDA_PROMPT_MODIFIER=(ros2_env) DEBUGINFOD_URLS=https://debuginfod.ubuntu.com /home/irman/micromamba/envs/ros2_env/bin/cmake --build /home/irman/3dlidar_ros2_legged_robot_inspection/build/champ_navigation -- -j16 -l16[0m
[0.436s] [34mcolcon.colcon_core.event_handler.log_command[0m [1;30mDEBUG[0m [32mInvoking command in '/home/irman/3dlidar_ros2_legged_robot_inspection/build/champ_navigation': CONDA_PROMPT_MODIFIER=(ros2_env) DEBUGINFOD_URLS=https://debuginfod.ubuntu.com /home/irman/micromamba/envs/ros2_env/bin/cmake --install /home/irman/3dlidar_ros2_legged_robot_inspection/build/champ_navigation[0m
[0.438s] [34mcolcon.colcon_core.environment[0m [1;30mLevel 1[0m checking '/home/irman/3dlidar_ros2_legged_robot_inspection/install/champ' for CMake module files
[0.439s] [34mcolcon.colcon_core.environment[0m [1;30mLevel 1[0m checking '/home/irman/3dlidar_ros2_legged_robot_inspection/install/champ' for CMake config files
[0.439s] [34mcolcon.colcon_core.shell[0m [1;30mLevel 1[0m create_environment_hook('champ', 'cmake_prefix_path')
[0.440s] [34mcolcon.colcon_core.shell[0m [1;30mINFO[0m Creating environment hook '/home/irman/3dlidar_ros2_legged_robot_inspection/install/champ/share/champ/hook/cmake_prefix_path.ps1'
[0.440s] [34mcolcon.colcon_core.event_handler.log_command[0m [1;30mDEBUG[0m [32mInvoked command in '/home/irman/3dlidar_ros2_legged_robot_inspection/build/champ' returned '0': CONDA_PROMPT_MODIFIER=(ros2_env) DEBUGINFOD_URLS=https://debuginfod.ubuntu.com /home/irman/micromamba/envs/ros2_env/bin/cmake --install /home/irman/3dlidar_ros2_legged_robot_inspection/build/champ[0m
[0.440s] [34mcolcon.colcon_core.shell[0m [1;30mINFO[0m Creating environment descriptor '/home/irman/3dlidar_ros2_legged_robot_inspection/install/champ/share/champ/hook/cmake_prefix_path.dsv'
[0.441s] [34mcolcon.colcon_core.shell[0m [1;30mINFO[0m Creating environment hook '/home/irman/3dlidar_ros2_legged_robot_inspection/install/champ/share/champ/hook/cmake_prefix_path.sh'
[0.442s] [34mcolcon.colcon_core.environment[0m [1;30mLevel 1[0m checking '/home/irman/3dlidar_ros2_legged_robot_inspection/install/champ/bin'
[0.442s] [34mcolcon.colcon_core.environment[0m [1;30mLevel 1[0m checking '/home/irman/3dlidar_ros2_legged_robot_inspection/install/champ/lib/pkgconfig/champ.pc'
[0.442s] [34mcolcon.colcon_core.environment[0m [1;30mLevel 1[0m checking '/home/irman/3dlidar_ros2_legged_robot_inspection/install/champ/lib/python3.11/site-packages'
[0.443s] [34mcolcon.colcon_core.environment[0m [1;30mLevel 1[0m checking '/home/irman/3dlidar_ros2_legged_robot_inspection/install/champ/bin'
[0.443s] [34mcolcon.colcon_core.shell[0m [1;30mINFO[0m Creating package script '/home/irman/3dlidar_ros2_legged_robot_inspection/install/champ/share/champ/package.ps1'
[0.444s] [34mcolcon.colcon_core.shell[0m [1;30mINFO[0m Creating package descriptor '/home/irman/3dlidar_ros2_legged_robot_inspection/install/champ/share/champ/package.dsv'
[0.445s] [34mcolcon.colcon_core.shell[0m [1;30mINFO[0m Creating package script '/home/irman/3dlidar_ros2_legged_robot_inspection/install/champ/share/champ/package.sh'
[0.447s] [34mcolcon.colcon_core.shell[0m [1;30mINFO[0m Creating package script '/home/irman/3dlidar_ros2_legged_robot_inspection/install/champ/share/champ/package.bash'
[0.448s] [34mcolcon.colcon_core.shell[0m [1;30mINFO[0m Creating package script '/home/irman/3dlidar_ros2_legged_robot_inspection/install/champ/share/champ/package.zsh'
[0.448s] [34mcolcon.colcon_core.environment[0m [1;30mLevel 1[0m create_file_with_runtime_dependencies(/home/irman/3dlidar_ros2_legged_robot_inspection/install/champ/share/colcon-core/packages/champ)
[0.449s] [34mcolcon.colcon_core.environment[0m [1;30mLevel 1[0m create_environment_scripts_only(champ)
[0.449s] [34mcolcon.colcon_core.environment[0m [1;30mLevel 1[0m checking '/home/irman/3dlidar_ros2_legged_robot_inspection/install/champ' for CMake module files
[0.449s] [34mcolcon.colcon_core.environment[0m [1;30mLevel 1[0m checking '/home/irman/3dlidar_ros2_legged_robot_inspection/install/champ' for CMake config files
[0.449s] [34mcolcon.colcon_core.shell[0m [1;30mLevel 1[0m create_environment_hook('champ', 'cmake_prefix_path')
[0.449s] [34mcolcon.colcon_core.shell[0m [1;30mINFO[0m Creating environment hook '/home/irman/3dlidar_ros2_legged_robot_inspection/install/champ/share/champ/hook/cmake_prefix_path.ps1'
[0.450s] [34mcolcon.colcon_core.shell[0m [1;30mINFO[0m Creating environment descriptor '/home/irman/3dlidar_ros2_legged_robot_inspection/install/champ/share/champ/hook/cmake_prefix_path.dsv'
[0.450s] [34mcolcon.colcon_core.shell[0m [1;30mINFO[0m Creating environment hook '/home/irman/3dlidar_ros2_legged_robot_inspection/install/champ/share/champ/hook/cmake_prefix_path.sh'
[0.450s] [34mcolcon.colcon_core.environment[0m [1;30mLevel 1[0m checking '/home/irman/3dlidar_ros2_legged_robot_inspection/install/champ/bin'
[0.450s] [34mcolcon.colcon_core.environment[0m [1;30mLevel 1[0m checking '/home/irman/3dlidar_ros2_legged_robot_inspection/install/champ/lib/pkgconfig/champ.pc'
[0.450s] [34mcolcon.colcon_core.environment[0m [1;30mLevel 1[0m checking '/home/irman/3dlidar_ros2_legged_robot_inspection/install/champ/lib/python3.11/site-packages'
[0.451s] [34mcolcon.colcon_core.environment[0m [1;30mLevel 1[0m checking '/home/irman/3dlidar_ros2_legged_robot_inspection/install/champ/bin'
[0.451s] [34mcolcon.colcon_core.shell[0m [1;30mINFO[0m Creating package script '/home/irman/3dlidar_ros2_legged_robot_inspection/install/champ/share/champ/package.ps1'
[0.451s] [34mcolcon.colcon_core.shell[0m [1;30mINFO[0m Creating package descriptor '/home/irman/3dlidar_ros2_legged_robot_inspection/install/champ/share/champ/package.dsv'
[0.452s] [34mcolcon.colcon_core.shell[0m [1;30mINFO[0m Creating package script '/home/irman/3dlidar_ros2_legged_robot_inspection/install/champ/share/champ/package.sh'
[0.452s] [34mcolcon.colcon_core.shell[0m [1;30mINFO[0m Creating package script '/home/irman/3dlidar_ros2_legged_robot_inspection/install/champ/share/champ/package.bash'
[0.452s] [34mcolcon.colcon_core.shell[0m [1;30mINFO[0m Creating package script '/home/irman/3dlidar_ros2_legged_robot_inspection/install/champ/share/champ/package.zsh'
[0.453s] [34mcolcon.colcon_core.environment[0m [1;30mLevel 1[0m create_file_with_runtime_dependencies(/home/irman/3dlidar_ros2_legged_robot_inspection/install/champ/share/colcon-core/packages/champ)
[0.453s] [34mcolcon.colcon_core.environment[0m [1;30mLevel 1[0m create_environment_scripts_only(go2_config)
[0.453s] [34mcolcon.colcon_core.environment[0m [1;30mLevel 1[0m checking '/home/irman/3dlidar_ros2_legged_robot_inspection/install/go2_config' for CMake module files
[0.454s] [34mcolcon.colcon_core.environment[0m [1;30mLevel 1[0m checking '/home/irman/3dlidar_ros2_legged_robot_inspection/install/go2_config' for CMake config files
[0.454s] [34mcolcon.colcon_core.event_handler.log_command[0m [1;30mDEBUG[0m [32mInvoked command in '/home/irman/3dlidar_ros2_legged_robot_inspection/build/go2_config' returned '0': CONDA_PROMPT_MODIFIER=(ros2_env) DEBUGINFOD_URLS=https://debuginfod.ubuntu.com /home/irman/micromamba/envs/ros2_env/bin/cmake --install /home/irman/3dlidar_ros2_legged_robot_inspection/build/go2_config[0m
[0.454s] [34mcolcon.colcon_core.shell[0m [1;30mLevel 1[0m create_environment_hook('go2_config', 'cmake_prefix_path')
[0.454s] [34mcolcon.colcon_core.shell[0m [1;30mINFO[0m Creating environment hook '/home/irman/3dlidar_ros2_legged_robot_inspection/install/go2_config/share/go2_config/hook/cmake_prefix_path.ps1'
[0.455s] [34mcolcon.colcon_core.shell[0m [1;30mINFO[0m Creating environment descriptor '/home/irman/3dlidar_ros2_legged_robot_inspection/install/go2_config/share/go2_config/hook/cmake_prefix_path.dsv'
[0.455s] [34mcolcon.colcon_core.shell[0m [1;30mINFO[0m Creating environment hook '/home/irman/3dlidar_ros2_legged_robot_inspection/install/go2_config/share/go2_config/hook/cmake_prefix_path.sh'
[0.455s] [34mcolcon.colcon_core.environment[0m [1;30mLevel 1[0m checking '/home/irman/3dlidar_ros2_legged_robot_inspection/install/go2_config/bin'
[0.455s] [34mcolcon.colcon_core.environment[0m [1;30mLevel 1[0m checking '/home/irman/3dlidar_ros2_legged_robot_inspection/install/go2_config/lib/pkgconfig/go2_config.pc'
[0.456s] [34mcolcon.colcon_core.environment[0m [1;30mLevel 1[0m checking '/home/irman/3dlidar_ros2_legged_robot_inspection/install/go2_config/lib/python3.11/site-packages'
[0.456s] [34mcolcon.colcon_core.environment[0m [1;30mLevel 1[0m checking '/home/irman/3dlidar_ros2_legged_robot_inspection/install/go2_config/bin'
[0.456s] [34mcolcon.colcon_core.shell[0m [1;30mINFO[0m Creating package script '/home/irman/3dlidar_ros2_legged_robot_inspection/install/go2_config/share/go2_config/package.ps1'
[0.456s] [34mcolcon.colcon_core.shell[0m [1;30mINFO[0m Creating package descriptor '/home/irman/3dlidar_ros2_legged_robot_inspection/install/go2_config/share/go2_config/package.dsv'
[0.457s] [34mcolcon.colcon_core.shell[0m [1;30mINFO[0m Creating package script '/home/irman/3dlidar_ros2_legged_robot_inspection/install/go2_config/share/go2_config/package.sh'
[0.457s] [34mcolcon.colcon_core.shell[0m [1;30mINFO[0m Creating package script '/home/irman/3dlidar_ros2_legged_robot_inspection/install/go2_config/share/go2_config/package.bash'
[0.457s] [34mcolcon.colcon_core.shell[0m [1;30mINFO[0m Creating package script '/home/irman/3dlidar_ros2_legged_robot_inspection/install/go2_config/share/go2_config/package.zsh'
[0.457s] [34mcolcon.colcon_core.environment[0m [1;30mLevel 1[0m create_file_with_runtime_dependencies(/home/irman/3dlidar_ros2_legged_robot_inspection/install/go2_config/share/colcon-core/packages/go2_config)
[0.458s] [34mcolcon.colcon_core.environment[0m [1;30mLevel 1[0m create_environment_scripts_only(go2_config)
[0.458s] [34mcolcon.colcon_core.environment[0m [1;30mLevel 1[0m checking '/home/irman/3dlidar_ros2_legged_robot_inspection/install/go2_config' for CMake module files
[0.458s] [34mcolcon.colcon_core.environment[0m [1;30mLevel 1[0m checking '/home/irman/3dlidar_ros2_legged_robot_inspection/install/go2_config' for CMake config files
[0.459s] [34mcolcon.colcon_core.shell[0m [1;30mLevel 1[0m create_environment_hook('go2_config', 'cmake_prefix_path')
[0.459s] [34mcolcon.colcon_core.shell[0m [1;30mINFO[0m Creating environment hook '/home/irman/3dlidar_ros2_legged_robot_inspection/install/go2_config/share/go2_config/hook/cmake_prefix_path.ps1'
[0.459s] [34mcolcon.colcon_core.shell[0m [1;30mINFO[0m Creating environment descriptor '/home/irman/3dlidar_ros2_legged_robot_inspection/install/go2_config/share/go2_config/hook/cmake_prefix_path.dsv'
[0.459s] [34mcolcon.colcon_core.shell[0m [1;30mINFO[0m Creating environment hook '/home/irman/3dlidar_ros2_legged_robot_inspection/install/go2_config/share/go2_config/hook/cmake_prefix_path.sh'
[0.460s] [34mcolcon.colcon_core.environment[0m [1;30mLevel 1[0m checking '/home/irman/3dlidar_ros2_legged_robot_inspection/install/go2_config/bin'
[0.460s] [34mcolcon.colcon_core.environment[0m [1;30mLevel 1[0m checking '/home/irman/3dlidar_ros2_legged_robot_inspection/install/go2_config/lib/pkgconfig/go2_config.pc'
[0.460s] [34mcolcon.colcon_core.environment[0m [1;30mLevel 1[0m checking '/home/irman/3dlidar_ros2_legged_robot_inspection/install/go2_config/lib/python3.11/site-packages'
[0.460s] [34mcolcon.colcon_core.environment[0m [1;30mLevel 1[0m checking '/home/irman/3dlidar_ros2_legged_robot_inspection/install/go2_config/bin'
[0.460s] [34mcolcon.colcon_core.shell[0m [1;30mINFO[0m Creating package script '/home/irman/3dlidar_ros2_legged_robot_inspection/install/go2_config/share/go2_config/package.ps1'
[0.461s] [34mcolcon.colcon_core.shell[0m [1;30mINFO[0m Creating package descriptor '/home/irman/3dlidar_ros2_legged_robot_inspection/install/go2_config/share/go2_config/package.dsv'
[0.461s] [34mcolcon.colcon_core.shell[0m [1;30mINFO[0m Creating package script '/home/irman/3dlidar_ros2_legged_robot_inspection/install/go2_config/share/go2_config/package.sh'
[0.462s] [34mcolcon.colcon_core.shell[0m [1;30mINFO[0m Creating package script '/home/irman/3dlidar_ros2_legged_robot_inspection/install/go2_config/share/go2_config/package.bash'
[0.462s] [34mcolcon.colcon_core.shell[0m [1;30mINFO[0m Creating package script '/home/irman/3dlidar_ros2_legged_robot_inspection/install/go2_config/share/go2_config/package.zsh'
[0.462s] [34mcolcon.colcon_core.environment[0m [1;30mLevel 1[0m create_file_with_runtime_dependencies(/home/irman/3dlidar_ros2_legged_robot_inspection/install/go2_config/share/colcon-core/packages/go2_config)
[0.466s] [34mcolcon.colcon_core.environment[0m [1;30mLevel 1[0m create_environment_scripts_only(champ_description)
[0.467s] [34mcolcon.colcon_core.environment[0m [1;30mLevel 1[0m checking '/home/irman/3dlidar_ros2_legged_robot_inspection/install/champ_description' for CMake module files
[0.468s] [34mcolcon.colcon_core.event_handler.log_command[0m [1;30mDEBUG[0m [32mInvoked command in '/home/irman/3dlidar_ros2_legged_robot_inspection/build/champ_teleop' returned '0': CONDA_PROMPT_MODIFIER=(ros2_env) DEBUGINFOD_URLS=https://debuginfod.ubuntu.com /home/irman/micromamba/envs/ros2_env/bin/cmake --build /home/irman/3dlidar_ros2_legged_robot_inspection/build/champ_teleop -- -j16 -l16[0m
[0.469s] [34mcolcon.colcon_core.event_handler.log_command[0m [1;30mDEBUG[0m [32mInvoking command in '/home/irman/3dlidar_ros2_legged_robot_inspection/build/champ_teleop': CONDA_PROMPT_MODIFIER=(ros2_env) DEBUGINFOD_URLS=https://debuginfod.ubuntu.com /home/irman/micromamba/envs/ros2_env/bin/cmake --install /home/irman/3dlidar_ros2_legged_robot_inspection/build/champ_teleop[0m
[0.469s] [34mcolcon.colcon_core.event_handler.log_command[0m [1;30mDEBUG[0m [32mInvoked command in '/home/irman/3dlidar_ros2_legged_robot_inspection/build/champ_description' returned '0': CONDA_PROMPT_MODIFIER=(ros2_env) DEBUGINFOD_URLS=https://debuginfod.ubuntu.com /home/irman/micromamba/envs/ros2_env/bin/cmake --install /home/irman/3dlidar_ros2_legged_robot_inspection/build/champ_description[0m
[0.470s] [34mcolcon.colcon_core.environment[0m [1;30mLevel 1[0m checking '/home/irman/3dlidar_ros2_legged_robot_inspection/install/champ_description' for CMake config files
[0.470s] [34mcolcon.colcon_core.shell[0m [1;30mLevel 1[0m create_environment_hook('champ_description', 'cmake_prefix_path')
[0.470s] [34mcolcon.colcon_core.shell[0m [1;30mINFO[0m Creating environment hook '/home/irman/3dlidar_ros2_legged_robot_inspection/install/champ_description/share/champ_description/hook/cmake_prefix_path.ps1'
[0.471s] [34mcolcon.colcon_core.shell[0m [1;30mINFO[0m Creating environment descriptor '/home/irman/3dlidar_ros2_legged_robot_inspection/install/champ_description/share/champ_description/hook/cmake_prefix_path.dsv'
[0.472s] [34mcolcon.colcon_core.shell[0m [1;30mINFO[0m Creating environment hook '/home/irman/3dlidar_ros2_legged_robot_inspection/install/champ_description/share/champ_description/hook/cmake_prefix_path.sh'
[0.472s] [34mcolcon.colcon_core.environment[0m [1;30mLevel 1[0m checking '/home/irman/3dlidar_ros2_legged_robot_inspection/install/champ_description/bin'
[0.473s] [34mcolcon.colcon_core.environment[0m [1;30mLevel 1[0m checking '/home/irman/3dlidar_ros2_legged_robot_inspection/install/champ_description/lib/pkgconfig/champ_description.pc'
[0.473s] [34mcolcon.colcon_core.environment[0m [1;30mLevel 1[0m checking '/home/irman/3dlidar_ros2_legged_robot_inspection/install/champ_description/lib/python3.11/site-packages'
[0.473s] [34mcolcon.colcon_core.environment[0m [1;30mLevel 1[0m checking '/home/irman/3dlidar_ros2_legged_robot_inspection/install/champ_description/bin'
[0.474s] [34mcolcon.colcon_core.shell[0m [1;30mINFO[0m Creating package script '/home/irman/3dlidar_ros2_legged_robot_inspection/install/champ_description/share/champ_description/package.ps1'
[0.474s] [34mcolcon.colcon_core.shell[0m [1;30mINFO[0m Creating package descriptor '/home/irman/3dlidar_ros2_legged_robot_inspection/install/champ_description/share/champ_description/package.dsv'
[0.474s] [34mcolcon.colcon_core.shell[0m [1;30mINFO[0m Creating package script '/home/irman/3dlidar_ros2_legged_robot_inspection/install/champ_description/share/champ_description/package.sh'
[0.475s] [34mcolcon.colcon_core.shell[0m [1;30mINFO[0m Creating package script '/home/irman/3dlidar_ros2_legged_robot_inspection/install/champ_description/share/champ_description/package.bash'
[0.475s] [34mcolcon.colcon_core.shell[0m [1;30mINFO[0m Creating package script '/home/irman/3dlidar_ros2_legged_robot_inspection/install/champ_description/share/champ_description/package.zsh'
[0.476s] [34mcolcon.colcon_core.environment[0m [1;30mLevel 1[0m create_file_with_runtime_dependencies(/home/irman/3dlidar_ros2_legged_robot_inspection/install/champ_description/share/colcon-core/packages/champ_description)
[0.476s] [34mcolcon.colcon_core.environment[0m [1;30mLevel 1[0m create_environment_scripts_only(champ_description)
[0.477s] [34mcolcon.colcon_core.environment[0m [1;30mLevel 1[0m checking '/home/irman/3dlidar_ros2_legged_robot_inspection/install/champ_description' for CMake module files
[0.477s] [34mcolcon.colcon_core.environment[0m [1;30mLevel 1[0m checking '/home/irman/3dlidar_ros2_legged_robot_inspection/install/champ_description' for CMake config files
[0.477s] [34mcolcon.colcon_core.shell[0m [1;30mLevel 1[0m create_environment_hook('champ_description', 'cmake_prefix_path')
[0.478s] [34mcolcon.colcon_core.shell[0m [1;30mINFO[0m Creating environment hook '/home/irman/3dlidar_ros2_legged_robot_inspection/install/champ_description/share/champ_description/hook/cmake_prefix_path.ps1'
[0.478s] [34mcolcon.colcon_core.shell[0m [1;30mINFO[0m Creating environment descriptor '/home/irman/3dlidar_ros2_legged_robot_inspection/install/champ_description/share/champ_description/hook/cmake_prefix_path.dsv'
[0.478s] [34mcolcon.colcon_core.shell[0m [1;30mINFO[0m Creating environment hook '/home/irman/3dlidar_ros2_legged_robot_inspection/install/champ_description/share/champ_description/hook/cmake_prefix_path.sh'
[0.479s] [34mcolcon.colcon_core.environment[0m [1;30mLevel 1[0m checking '/home/irman/3dlidar_ros2_legged_robot_inspection/install/champ_description/bin'
[0.479s] [34mcolcon.colcon_core.environment[0m [1;30mLevel 1[0m checking '/home/irman/3dlidar_ros2_legged_robot_inspection/install/champ_description/lib/pkgconfig/champ_description.pc'
[0.480s] [34mcolcon.colcon_core.environment[0m [1;30mLevel 1[0m checking '/home/irman/3dlidar_ros2_legged_robot_inspection/install/champ_description/lib/python3.11/site-packages'
[0.480s] [34mcolcon.colcon_core.environment[0m [1;30mLevel 1[0m checking '/home/irman/3dlidar_ros2_legged_robot_inspection/install/champ_description/bin'
[0.480s] [34mcolcon.colcon_core.shell[0m [1;30mINFO[0m Creating package script '/home/irman/3dlidar_ros2_legged_robot_inspection/install/champ_description/share/champ_description/package.ps1'
[0.481s] [34mcolcon.colcon_core.shell[0m [1;30mINFO[0m Creating package descriptor '/home/irman/3dlidar_ros2_legged_robot_inspection/install/champ_description/share/champ_description/package.dsv'
[0.481s] [34mcolcon.colcon_core.shell[0m [1;30mINFO[0m Creating package script '/home/irman/3dlidar_ros2_legged_robot_inspection/install/champ_description/share/champ_description/package.sh'
[0.482s] [34mcolcon.colcon_core.shell[0m [1;30mINFO[0m Creating package script '/home/irman/3dlidar_ros2_legged_robot_inspection/install/champ_description/share/champ_description/package.bash'
[0.482s] [34mcolcon.colcon_core.shell[0m [1;30mINFO[0m Creating package script '/home/irman/3dlidar_ros2_legged_robot_inspection/install/champ_description/share/champ_description/package.zsh'
[0.482s] [34mcolcon.colcon_core.environment[0m [1;30mLevel 1[0m create_file_with_runtime_dependencies(/home/irman/3dlidar_ros2_legged_robot_inspection/install/champ_description/share/colcon-core/packages/champ_description)
[0.483s] [34mcolcon.colcon_core.environment[0m [1;30mLevel 1[0m create_environment_scripts_only(champ_navigation)
[0.483s] [34mcolcon.colcon_core.environment[0m [1;30mLevel 1[0m checking '/home/irman/3dlidar_ros2_legged_robot_inspection/install/champ_navigation' for CMake module files
[0.484s] [34mcolcon.colcon_core.event_handler.log_command[0m [1;30mDEBUG[0m [32mInvoked command in '/home/irman/3dlidar_ros2_legged_robot_inspection/build/champ_navigation' returned '0': CONDA_PROMPT_MODIFIER=(ros2_env) DEBUGINFOD_URLS=https://debuginfod.ubuntu.com /home/irman/micromamba/envs/ros2_env/bin/cmake --install /home/irman/3dlidar_ros2_legged_robot_inspection/build/champ_navigation[0m
[0.485s] [34mcolcon.colcon_core.environment[0m [1;30mLevel 1[0m checking '/home/irman/3dlidar_ros2_legged_robot_inspection/install/champ_navigation' for CMake config files
[0.485s] [34mcolcon.colcon_core.shell[0m [1;30mLevel 1[0m create_environment_hook('champ_navigation', 'cmake_prefix_path')
[0.485s] [34mcolcon.colcon_core.shell[0m [1;30mINFO[0m Creating environment hook '/home/irman/3dlidar_ros2_legged_robot_inspection/install/champ_navigation/share/champ_navigation/hook/cmake_prefix_path.ps1'
[0.485s] [34mcolcon.colcon_core.shell[0m [1;30mINFO[0m Creating environment descriptor '/home/irman/3dlidar_ros2_legged_robot_inspection/install/champ_navigation/share/champ_navigation/hook/cmake_prefix_path.dsv'
[0.486s] [34mcolcon.colcon_core.shell[0m [1;30mINFO[0m Creating environment hook '/home/irman/3dlidar_ros2_legged_robot_inspection/install/champ_navigation/share/champ_navigation/hook/cmake_prefix_path.sh'
[0.486s] [34mcolcon.colcon_core.environment[0m [1;30mLevel 1[0m checking '/home/irman/3dlidar_ros2_legged_robot_inspection/install/champ_navigation/bin'
[0.486s] [34mcolcon.colcon_core.environment[0m [1;30mLevel 1[0m checking '/home/irman/3dlidar_ros2_legged_robot_inspection/install/champ_navigation/lib/pkgconfig/champ_navigation.pc'
[0.486s] [34mcolcon.colcon_core.environment[0m [1;30mLevel 1[0m checking '/home/irman/3dlidar_ros2_legged_robot_inspection/install/champ_navigation/lib/python3.11/site-packages'
[0.486s] [34mcolcon.colcon_core.environment[0m [1;30mLevel 1[0m checking '/home/irman/3dlidar_ros2_legged_robot_inspection/install/champ_navigation/bin'
[0.487s] [34mcolcon.colcon_core.shell[0m [1;30mINFO[0m Creating package script '/home/irman/3dlidar_ros2_legged_robot_inspection/install/champ_navigation/share/champ_navigation/package.ps1'
[0.487s] [34mcolcon.colcon_core.shell[0m [1;30mINFO[0m Creating package descriptor '/home/irman/3dlidar_ros2_legged_robot_inspection/install/champ_navigation/share/champ_navigation/package.dsv'
[0.487s] [34mcolcon.colcon_core.shell[0m [1;30mINFO[0m Creating package script '/home/irman/3dlidar_ros2_legged_robot_inspection/install/champ_navigation/share/champ_navigation/package.sh'
[0.488s] [34mcolcon.colcon_core.shell[0m [1;30mINFO[0m Creating package script '/home/irman/3dlidar_ros2_legged_robot_inspection/install/champ_navigation/share/champ_navigation/package.bash'
[0.488s] [34mcolcon.colcon_core.shell[0m [1;30mINFO[0m Creating package script '/home/irman/3dlidar_ros2_legged_robot_inspection/install/champ_navigation/share/champ_navigation/package.zsh'
[0.488s] [34mcolcon.colcon_core.environment[0m [1;30mLevel 1[0m create_file_with_runtime_dependencies(/home/irman/3dlidar_ros2_legged_robot_inspection/install/champ_navigation/share/colcon-core/packages/champ_navigation)
[0.489s] [34mcolcon.colcon_core.environment[0m [1;30mLevel 1[0m create_environment_scripts_only(champ_navigation)
[0.489s] [34mcolcon.colcon_core.environment[0m [1;30mLevel 1[0m checking '/home/irman/3dlidar_ros2_legged_robot_inspection/install/champ_navigation' for CMake module files
[0.490s] [34mcolcon.colcon_core.environment[0m [1;30mLevel 1[0m checking '/home/irman/3dlidar_ros2_legged_robot_inspection/install/champ_navigation' for CMake config files
[0.490s] [34mcolcon.colcon_core.shell[0m [1;30mLevel 1[0m create_environment_hook('champ_navigation', 'cmake_prefix_path')
[0.490s] [34mcolcon.colcon_core.shell[0m [1;30mINFO[0m Creating environment hook '/home/irman/3dlidar_ros2_legged_robot_inspection/install/champ_navigation/share/champ_navigation/hook/cmake_prefix_path.ps1'
[0.490s] [34mcolcon.colcon_core.shell[0m [1;30mINFO[0m Creating environment descriptor '/home/irman/3dlidar_ros2_legged_robot_inspection/install/champ_navigation/share/champ_navigation/hook/cmake_prefix_path.dsv'
[0.490s] [34mcolcon.colcon_core.shell[0m [1;30mINFO[0m Creating environment hook '/home/irman/3dlidar_ros2_legged_robot_inspection/install/champ_navigation/share/champ_navigation/hook/cmake_prefix_path.sh'
[0.491s] [34mcolcon.colcon_core.environment[0m [1;30mLevel 1[0m checking '/home/irman/3dlidar_ros2_legged_robot_inspection/install/champ_navigation/bin'
[0.491s] [34mcolcon.colcon_core.environment[0m [1;30mLevel 1[0m checking '/home/irman/3dlidar_ros2_legged_robot_inspection/install/champ_navigation/lib/pkgconfig/champ_navigation.pc'
[0.491s] [34mcolcon.colcon_core.environment[0m [1;30mLevel 1[0m checking '/home/irman/3dlidar_ros2_legged_robot_inspection/install/champ_navigation/lib/python3.11/site-packages'
[0.491s] [34mcolcon.colcon_core.environment[0m [1;30mLevel 1[0m checking '/home/irman/3dlidar_ros2_legged_robot_inspection/install/champ_navigation/bin'
[0.491s] [34mcolcon.colcon_core.shell[0m [1;30mINFO[0m Creating package script '/home/irman/3dlidar_ros2_legged_robot_inspection/install/champ_navigation/share/champ_navigation/package.ps1'
[0.492s] [34mcolcon.colcon_core.shell[0m [1;30mINFO[0m Creating package descriptor '/home/irman/3dlidar_ros2_legged_robot_inspection/install/champ_navigation/share/champ_navigation/package.dsv'
[0.492s] [34mcolcon.colcon_core.shell[0m [1;30mINFO[0m Creating package script '/home/irman/3dlidar_ros2_legged_robot_inspection/install/champ_navigation/share/champ_navigation/package.sh'
[0.493s] [34mcolcon.colcon_core.shell[0m [1;30mINFO[0m Creating package script '/home/irman/3dlidar_ros2_legged_robot_inspection/install/champ_navigation/share/champ_navigation/package.bash'
[0.493s] [34mcolcon.colcon_core.shell[0m [1;30mINFO[0m Creating package script '/home/irman/3dlidar_ros2_legged_robot_inspection/install/champ_navigation/share/champ_navigation/package.zsh'
[0.493s] [34mcolcon.colcon_core.environment[0m [1;30mLevel 1[0m create_file_with_runtime_dependencies(/home/irman/3dlidar_ros2_legged_robot_inspection/install/champ_navigation/share/colcon-core/packages/champ_navigation)
[0.494s] [34mcolcon.colcon_core.environment[0m [1;30mLevel 1[0m create_environment_scripts_only(champ_config)
[0.494s] [34mcolcon.colcon_core.environment[0m [1;30mLevel 1[0m checking '/home/irman/3dlidar_ros2_legged_robot_inspection/install/champ_config' for CMake module files
[0.495s] [34mcolcon.colcon_core.environment[0m [1;30mLevel 1[0m checking '/home/irman/3dlidar_ros2_legged_robot_inspection/install/champ_config' for CMake config files
[0.495s] [34mcolcon.colcon_core.event_handler.log_command[0m [1;30mDEBUG[0m [32mInvoked command in '/home/irman/3dlidar_ros2_legged_robot_inspection/build/champ_config' returned '0': CONDA_PROMPT_MODIFIER=(ros2_env) DEBUGINFOD_URLS=https://debuginfod.ubuntu.com /home/irman/micromamba/envs/ros2_env/bin/cmake --install /home/irman/3dlidar_ros2_legged_robot_inspection/build/champ_config[0m
[0.495s] [34mcolcon.colcon_core.shell[0m [1;30mLevel 1[0m create_environment_hook('champ_config', 'cmake_prefix_path')
[0.496s] [34mcolcon.colcon_core.shell[0m [1;30mINFO[0m Creating environment hook '/home/irman/3dlidar_ros2_legged_robot_inspection/install/champ_config/share/champ_config/hook/cmake_prefix_path.ps1'
[0.496s] [34mcolcon.colcon_core.shell[0m [1;30mINFO[0m Creating environment descriptor '/home/irman/3dlidar_ros2_legged_robot_inspection/install/champ_config/share/champ_config/hook/cmake_prefix_path.dsv'
[0.497s] [34mcolcon.colcon_core.shell[0m [1;30mINFO[0m Creating environment hook '/home/irman/3dlidar_ros2_legged_robot_inspection/install/champ_config/share/champ_config/hook/cmake_prefix_path.sh'
[0.497s] [34mcolcon.colcon_core.environment[0m [1;30mLevel 1[0m checking '/home/irman/3dlidar_ros2_legged_robot_inspection/install/champ_config/bin'
[0.497s] [34mcolcon.colcon_core.environment[0m [1;30mLevel 1[0m checking '/home/irman/3dlidar_ros2_legged_robot_inspection/install/champ_config/lib/pkgconfig/champ_config.pc'
[0.497s] [34mcolcon.colcon_core.environment[0m [1;30mLevel 1[0m checking '/home/irman/3dlidar_ros2_legged_robot_inspection/install/champ_config/lib/python3.11/site-packages'
[0.497s] [34mcolcon.colcon_core.environment[0m [1;30mLevel 1[0m checking '/home/irman/3dlidar_ros2_legged_robot_inspection/install/champ_config/bin'
[0.498s] [34mcolcon.colcon_core.shell[0m [1;30mINFO[0m Creating package script '/home/irman/3dlidar_ros2_legged_robot_inspection/install/champ_config/share/champ_config/package.ps1'
[0.498s] [34mcolcon.colcon_core.shell[0m [1;30mINFO[0m Creating package descriptor '/home/irman/3dlidar_ros2_legged_robot_inspection/install/champ_config/share/champ_config/package.dsv'
[0.498s] [34mcolcon.colcon_core.shell[0m [1;30mINFO[0m Creating package script '/home/irman/3dlidar_ros2_legged_robot_inspection/install/champ_config/share/champ_config/package.sh'
[0.499s] [34mcolcon.colcon_core.shell[0m [1;30mINFO[0m Creating package script '/home/irman/3dlidar_ros2_legged_robot_inspection/install/champ_config/share/champ_config/package.bash'
[0.499s] [34mcolcon.colcon_core.shell[0m [1;30mINFO[0m Creating package script '/home/irman/3dlidar_ros2_legged_robot_inspection/install/champ_config/share/champ_config/package.zsh'
[0.499s] [34mcolcon.colcon_core.environment[0m [1;30mLevel 1[0m create_file_with_runtime_dependencies(/home/irman/3dlidar_ros2_legged_robot_inspection/install/champ_config/share/colcon-core/packages/champ_config)
[0.500s] [34mcolcon.colcon_core.environment[0m [1;30mLevel 1[0m create_environment_scripts_only(champ_config)
[0.500s] [34mcolcon.colcon_core.environment[0m [1;30mLevel 1[0m checking '/home/irman/3dlidar_ros2_legged_robot_inspection/install/champ_config' for CMake module files
[0.501s] [34mcolcon.colcon_core.environment[0m [1;30mLevel 1[0m checking '/home/irman/3dlidar_ros2_legged_robot_inspection/install/champ_config' for CMake config files
[0.501s] [34mcolcon.colcon_core.shell[0m [1;30mLevel 1[0m create_environment_hook('champ_config', 'cmake_prefix_path')
[0.501s] [34mcolcon.colcon_core.shell[0m [1;30mINFO[0m Creating environment hook '/home/irman/3dlidar_ros2_legged_robot_inspection/install/champ_config/share/champ_config/hook/cmake_prefix_path.ps1'
[0.502s] [34mcolcon.colcon_core.shell[0m [1;30mINFO[0m Creating environment descriptor '/home/irman/3dlidar_ros2_legged_robot_inspection/install/champ_config/share/champ_config/hook/cmake_prefix_path.dsv'
[0.502s] [34mcolcon.colcon_core.shell[0m [1;30mINFO[0m Creating environment hook '/home/irman/3dlidar_ros2_legged_robot_inspection/install/champ_config/share/champ_config/hook/cmake_prefix_path.sh'
[0.503s] [34mcolcon.colcon_core.environment[0m [1;30mLevel 1[0m checking '/home/irman/3dlidar_ros2_legged_robot_inspection/install/champ_config/bin'
[0.503s] [34mcolcon.colcon_core.environment[0m [1;30mLevel 1[0m checking '/home/irman/3dlidar_ros2_legged_robot_inspection/install/champ_config/lib/pkgconfig/champ_config.pc'
[0.503s] [34mcolcon.colcon_core.environment[0m [1;30mLevel 1[0m checking '/home/irman/3dlidar_ros2_legged_robot_inspection/install/champ_config/lib/python3.11/site-packages'
[0.503s] [34mcolcon.colcon_core.environment[0m [1;30mLevel 1[0m checking '/home/irman/3dlidar_ros2_legged_robot_inspection/install/champ_config/bin'
[0.503s] [34mcolcon.colcon_core.shell[0m [1;30mINFO[0m Creating package script '/home/irman/3dlidar_ros2_legged_robot_inspection/install/champ_config/share/champ_config/package.ps1'
[0.504s] [34mcolcon.colcon_core.shell[0m [1;30mINFO[0m Creating package descriptor '/home/irman/3dlidar_ros2_legged_robot_inspection/install/champ_config/share/champ_config/package.dsv'
[0.504s] [34mcolcon.colcon_core.shell[0m [1;30mINFO[0m Creating package script '/home/irman/3dlidar_ros2_legged_robot_inspection/install/champ_config/share/champ_config/package.sh'
[0.504s] [34mcolcon.colcon_core.shell[0m [1;30mINFO[0m Creating package script '/home/irman/3dlidar_ros2_legged_robot_inspection/install/champ_config/share/champ_config/package.bash'
[0.504s] [34mcolcon.colcon_core.shell[0m [1;30mINFO[0m Creating package script '/home/irman/3dlidar_ros2_legged_robot_inspection/install/champ_config/share/champ_config/package.zsh'
[0.505s] [34mcolcon.colcon_core.environment[0m [1;30mLevel 1[0m create_file_with_runtime_dependencies(/home/irman/3dlidar_ros2_legged_robot_inspection/install/champ_config/share/colcon-core/packages/champ_config)
[0.506s] [34mcolcon.colcon_core.environment[0m [1;30mLevel 1[0m create_environment_scripts_only(champ_teleop)
[0.506s] [34mcolcon.colcon_core.environment[0m [1;30mLevel 1[0m checking '/home/irman/3dlidar_ros2_legged_robot_inspection/install/champ_teleop' for CMake module files
[0.507s] [34mcolcon.colcon_core.environment[0m [1;30mLevel 1[0m checking '/home/irman/3dlidar_ros2_legged_robot_inspection/install/champ_teleop' for CMake config files
[0.507s] [34mcolcon.colcon_core.shell[0m [1;30mLevel 1[0m create_environment_hook('champ_teleop', 'cmake_prefix_path')
[0.508s] [34mcolcon.colcon_core.shell[0m [1;30mINFO[0m Creating environment hook '/home/irman/3dlidar_ros2_legged_robot_inspection/install/champ_teleop/share/champ_teleop/hook/cmake_prefix_path.ps1'
[0.510s] [34mcolcon.colcon_core.shell[0m [1;30mINFO[0m Creating environment descriptor '/home/irman/3dlidar_ros2_legged_robot_inspection/install/champ_teleop/share/champ_teleop/hook/cmake_prefix_path.dsv'
[0.510s] [34mcolcon.colcon_core.event_handler.log_command[0m [1;30mDEBUG[0m [32mInvoked command in '/home/irman/3dlidar_ros2_legged_robot_inspection/build/champ_teleop' returned '0': CONDA_PROMPT_MODIFIER=(ros2_env) DEBUGINFOD_URLS=https://debuginfod.ubuntu.com /home/irman/micromamba/envs/ros2_env/bin/cmake --install /home/irman/3dlidar_ros2_legged_robot_inspection/build/champ_teleop[0m
[0.510s] [34mcolcon.colcon_core.shell[0m [1;30mINFO[0m Creating environment hook '/home/irman/3dlidar_ros2_legged_robot_inspection/install/champ_teleop/share/champ_teleop/hook/cmake_prefix_path.sh'
[0.511s] [34mcolcon.colcon_core.environment[0m [1;30mLevel 1[0m checking '/home/irman/3dlidar_ros2_legged_robot_inspection/install/champ_teleop/lib'
[0.512s] [34mcolcon.colcon_core.environment[0m [1;30mLevel 1[0m checking '/home/irman/3dlidar_ros2_legged_robot_inspection/install/champ_teleop/bin'
[0.512s] [34mcolcon.colcon_core.environment[0m [1;30mLevel 1[0m checking '/home/irman/3dlidar_ros2_legged_robot_inspection/install/champ_teleop/lib/pkgconfig/champ_teleop.pc'
[0.512s] [34mcolcon.colcon_core.environment[0m [1;30mLevel 1[0m checking '/home/irman/3dlidar_ros2_legged_robot_inspection/install/champ_teleop/lib/python3.11/site-packages'
[0.512s] [34mcolcon.colcon_core.environment[0m [1;30mLevel 1[0m checking '/home/irman/3dlidar_ros2_legged_robot_inspection/install/champ_teleop/bin'
[0.513s] [34mcolcon.colcon_core.shell[0m [1;30mINFO[0m Creating package script '/home/irman/3dlidar_ros2_legged_robot_inspection/install/champ_teleop/share/champ_teleop/package.ps1'
[0.513s] [34mcolcon.colcon_core.shell[0m [1;30mINFO[0m Creating package descriptor '/home/irman/3dlidar_ros2_legged_robot_inspection/install/champ_teleop/share/champ_teleop/package.dsv'
[0.514s] [34mcolcon.colcon_core.shell[0m [1;30mINFO[0m Creating package script '/home/irman/3dlidar_ros2_legged_robot_inspection/install/champ_teleop/share/champ_teleop/package.sh'
[0.515s] [34mcolcon.colcon_core.shell[0m [1;30mINFO[0m Creating package script '/home/irman/3dlidar_ros2_legged_robot_inspection/install/champ_teleop/share/champ_teleop/package.bash'
[0.516s] [34mcolcon.colcon_core.shell[0m [1;30mINFO[0m Creating package script '/home/irman/3dlidar_ros2_legged_robot_inspection/install/champ_teleop/share/champ_teleop/package.zsh'
[0.516s] [34mcolcon.colcon_core.environment[0m [1;30mLevel 1[0m create_file_with_runtime_dependencies(/home/irman/3dlidar_ros2_legged_robot_inspection/install/champ_teleop/share/colcon-core/packages/champ_teleop)
[0.517s] [34mcolcon.colcon_core.environment[0m [1;30mLevel 1[0m create_environment_scripts_only(champ_teleop)
[0.517s] [34mcolcon.colcon_core.environment[0m [1;30mLevel 1[0m checking '/home/irman/3dlidar_ros2_legged_robot_inspection/install/champ_teleop' for CMake module files
[0.518s] [34mcolcon.colcon_core.environment[0m [1;30mLevel 1[0m checking '/home/irman/3dlidar_ros2_legged_robot_inspection/install/champ_teleop' for CMake config files
[0.518s] [34mcolcon.colcon_core.shell[0m [1;30mLevel 1[0m create_environment_hook('champ_teleop', 'cmake_prefix_path')
[0.518s] [34mcolcon.colcon_core.shell[0m [1;30mINFO[0m Creating environment hook '/home/irman/3dlidar_ros2_legged_robot_inspection/install/champ_teleop/share/champ_teleop/hook/cmake_prefix_path.ps1'
[0.519s] [34mcolcon.colcon_core.shell[0m [1;30mINFO[0m Creating environment descriptor '/home/irman/3dlidar_ros2_legged_robot_inspection/install/champ_teleop/share/champ_teleop/hook/cmake_prefix_path.dsv'
[0.519s] [34mcolcon.colcon_core.shell[0m [1;30mINFO[0m Creating environment hook '/home/irman/3dlidar_ros2_legged_robot_inspection/install/champ_teleop/share/champ_teleop/hook/cmake_prefix_path.sh'
[0.520s] [34mcolcon.colcon_core.environment[0m [1;30mLevel 1[0m checking '/home/irman/3dlidar_ros2_legged_robot_inspection/install/champ_teleop/lib'
[0.520s] [34mcolcon.colcon_core.environment[0m [1;30mLevel 1[0m checking '/home/irman/3dlidar_ros2_legged_robot_inspection/install/champ_teleop/bin'
[0.520s] [34mcolcon.colcon_core.environment[0m [1;30mLevel 1[0m checking '/home/irman/3dlidar_ros2_legged_robot_inspection/install/champ_teleop/lib/pkgconfig/champ_teleop.pc'
[0.520s] [34mcolcon.colcon_core.environment[0m [1;30mLevel 1[0m checking '/home/irman/3dlidar_ros2_legged_robot_inspection/install/champ_teleop/lib/python3.11/site-packages'
[0.521s] [34mcolcon.colcon_core.environment[0m [1;30mLevel 1[0m checking '/home/irman/3dlidar_ros2_legged_robot_inspection/install/champ_teleop/bin'
[0.521s] [34mcolcon.colcon_core.shell[0m [1;30mINFO[0m Creating package script '/home/irman/3dlidar_ros2_legged_robot_inspection/install/champ_teleop/share/champ_teleop/package.ps1'
[0.522s] [34mcolcon.colcon_core.shell[0m [1;30mINFO[0m Creating package descriptor '/home/irman/3dlidar_ros2_legged_robot_inspection/install/champ_teleop/share/champ_teleop/package.dsv'
[0.522s] [34mcolcon.colcon_core.shell[0m [1;30mINFO[0m Creating package script '/home/irman/3dlidar_ros2_legged_robot_inspection/install/champ_teleop/share/champ_teleop/package.sh'
[0.523s] [34mcolcon.colcon_core.shell[0m [1;30mINFO[0m Creating package script '/home/irman/3dlidar_ros2_legged_robot_inspection/install/champ_teleop/share/champ_teleop/package.bash'
[0.524s] [34mcolcon.colcon_core.shell[0m [1;30mINFO[0m Creating package script '/home/irman/3dlidar_ros2_legged_robot_inspection/install/champ_teleop/share/champ_teleop/package.zsh'
[0.524s] [34mcolcon.colcon_core.environment[0m [1;30mLevel 1[0m create_file_with_runtime_dependencies(/home/irman/3dlidar_ros2_legged_robot_inspection/install/champ_teleop/share/colcon-core/packages/champ_teleop)
[0.528s] [34mcolcon.colcon_core.environment[0m [1;30mLevel 1[0m create_environment_scripts_only(go2_description)
[0.529s] [34mcolcon.colcon_core.environment[0m [1;30mLevel 1[0m checking '/home/irman/3dlidar_ros2_legged_robot_inspection/install/go2_description' for CMake module files
[0.529s] [34mcolcon.colcon_core.event_handler.log_command[0m [1;30mDEBUG[0m [32mInvoked command in '/home/irman/3dlidar_ros2_legged_robot_inspection/build/go2_description' returned '0': CONDA_PROMPT_MODIFIER=(ros2_env) DEBUGINFOD_URLS=https://debuginfod.ubuntu.com /home/irman/micromamba/envs/ros2_env/bin/cmake --install /home/irman/3dlidar_ros2_legged_robot_inspection/build/go2_description[0m
[0.530s] [34mcolcon.colcon_core.environment[0m [1;30mLevel 1[0m checking '/home/irman/3dlidar_ros2_legged_robot_inspection/install/go2_description' for CMake config files
[0.530s] [34mcolcon.colcon_core.shell[0m [1;30mLevel 1[0m create_environment_hook('go2_description', 'cmake_prefix_path')
[0.530s] [34mcolcon.colcon_core.shell[0m [1;30mINFO[0m Creating environment hook '/home/irman/3dlidar_ros2_legged_robot_inspection/install/go2_description/share/go2_description/hook/cmake_prefix_path.ps1'
[0.531s] [34mcolcon.colcon_core.shell[0m [1;30mINFO[0m Creating environment descriptor '/home/irman/3dlidar_ros2_legged_robot_inspection/install/go2_description/share/go2_description/hook/cmake_prefix_path.dsv'
[0.531s] [34mcolcon.colcon_core.shell[0m [1;30mINFO[0m Creating environment hook '/home/irman/3dlidar_ros2_legged_robot_inspection/install/go2_description/share/go2_description/hook/cmake_prefix_path.sh'
[0.532s] [34mcolcon.colcon_core.environment[0m [1;30mLevel 1[0m checking '/home/irman/3dlidar_ros2_legged_robot_inspection/install/go2_description/bin'
[0.532s] [34mcolcon.colcon_core.environment[0m [1;30mLevel 1[0m checking '/home/irman/3dlidar_ros2_legged_robot_inspection/install/go2_description/lib/pkgconfig/go2_description.pc'
[0.532s] [34mcolcon.colcon_core.environment[0m [1;30mLevel 1[0m checking '/home/irman/3dlidar_ros2_legged_robot_inspection/install/go2_description/lib/python3.11/site-packages'
[0.532s] [34mcolcon.colcon_core.environment[0m [1;30mLevel 1[0m checking '/home/irman/3dlidar_ros2_legged_robot_inspection/install/go2_description/bin'
[0.532s] [34mcolcon.colcon_core.shell[0m [1;30mINFO[0m Creating package script '/home/irman/3dlidar_ros2_legged_robot_inspection/install/go2_description/share/go2_description/package.ps1'
[0.533s] [34mcolcon.colcon_core.shell[0m [1;30mINFO[0m Creating package descriptor '/home/irman/3dlidar_ros2_legged_robot_inspection/install/go2_description/share/go2_description/package.dsv'
[0.533s] [34mcolcon.colcon_core.shell[0m [1;30mINFO[0m Creating package script '/home/irman/3dlidar_ros2_legged_robot_inspection/install/go2_description/share/go2_description/package.sh'
[0.533s] [34mcolcon.colcon_core.shell[0m [1;30mINFO[0m Creating package script '/home/irman/3dlidar_ros2_legged_robot_inspection/install/go2_description/share/go2_description/package.bash'
[0.534s] [34mcolcon.colcon_core.shell[0m [1;30mINFO[0m Creating package script '/home/irman/3dlidar_ros2_legged_robot_inspection/install/go2_description/share/go2_description/package.zsh'
[0.534s] [34mcolcon.colcon_core.environment[0m [1;30mLevel 1[0m create_file_with_runtime_dependencies(/home/irman/3dlidar_ros2_legged_robot_inspection/install/go2_description/share/colcon-core/packages/go2_description)
[0.534s] [34mcolcon.colcon_core.environment[0m [1;30mLevel 1[0m create_environment_scripts_only(go2_description)
[0.534s] [34mcolcon.colcon_core.environment[0m [1;30mLevel 1[0m checking '/home/irman/3dlidar_ros2_legged_robot_inspection/install/go2_description' for CMake module files
[0.535s] [34mcolcon.colcon_core.environment[0m [1;30mLevel 1[0m checking '/home/irman/3dlidar_ros2_legged_robot_inspection/install/go2_description' for CMake config files
[0.535s] [34mcolcon.colcon_core.shell[0m [1;30mLevel 1[0m create_environment_hook('go2_description', 'cmake_prefix_path')
[0.535s] [34mcolcon.colcon_core.shell[0m [1;30mINFO[0m Creating environment hook '/home/irman/3dlidar_ros2_legged_robot_inspection/install/go2_description/share/go2_description/hook/cmake_prefix_path.ps1'
[0.535s] [34mcolcon.colcon_core.shell[0m [1;30mINFO[0m Creating environment descriptor '/home/irman/3dlidar_ros2_legged_robot_inspection/install/go2_description/share/go2_description/hook/cmake_prefix_path.dsv'
[0.536s] [34mcolcon.colcon_core.shell[0m [1;30mINFO[0m Creating environment hook '/home/irman/3dlidar_ros2_legged_robot_inspection/install/go2_description/share/go2_description/hook/cmake_prefix_path.sh'
[0.536s] [34mcolcon.colcon_core.environment[0m [1;30mLevel 1[0m checking '/home/irman/3dlidar_ros2_legged_robot_inspection/install/go2_description/bin'
[0.536s] [34mcolcon.colcon_core.environment[0m [1;30mLevel 1[0m checking '/home/irman/3dlidar_ros2_legged_robot_inspection/install/go2_description/lib/pkgconfig/go2_description.pc'
[0.536s] [34mcolcon.colcon_core.environment[0m [1;30mLevel 1[0m checking '/home/irman/3dlidar_ros2_legged_robot_inspection/install/go2_description/lib/python3.11/site-packages'
[0.536s] [34mcolcon.colcon_core.environment[0m [1;30mLevel 1[0m checking '/home/irman/3dlidar_ros2_legged_robot_inspection/install/go2_description/bin'
[0.536s] [34mcolcon.colcon_core.shell[0m [1;30mINFO[0m Creating package script '/home/irman/3dlidar_ros2_legged_robot_inspection/install/go2_description/share/go2_description/package.ps1'
[0.537s] [34mcolcon.colcon_core.shell[0m [1;30mINFO[0m Creating package descriptor '/home/irman/3dlidar_ros2_legged_robot_inspection/install/go2_description/share/go2_description/package.dsv'
[0.537s] [34mcolcon.colcon_core.shell[0m [1;30mINFO[0m Creating package script '/home/irman/3dlidar_ros2_legged_robot_inspection/install/go2_description/share/go2_description/package.sh'
[0.537s] [34mcolcon.colcon_core.shell[0m [1;30mINFO[0m Creating package script '/home/irman/3dlidar_ros2_legged_robot_inspection/install/go2_description/share/go2_description/package.bash'
[0.538s] [34mcolcon.colcon_core.shell[0m [1;30mINFO[0m Creating package script '/home/irman/3dlidar_ros2_legged_robot_inspection/install/go2_description/share/go2_description/package.zsh'
[0.538s] [34mcolcon.colcon_core.environment[0m [1;30mLevel 1[0m create_file_with_runtime_dependencies(/home/irman/3dlidar_ros2_legged_robot_inspection/install/go2_description/share/colcon-core/packages/go2_description)
[0.827s] [34mcolcon.colcon_core.event_handler.log_command[0m [1;30mDEBUG[0m [32mInvoking command in '/home/irman/3dlidar_ros2_legged_robot_inspection/src/go2_control': CONDA_PROMPT_MODIFIER=(ros2_env) DEBUGINFOD_URLS=https://debuginfod.ubuntu.com PYTHONPATH=/home/irman/3dlidar_ros2_legged_robot_inspection/build/go2_control/prefix_override:/home/irman/micromamba/envs/ros2_env/lib/python3.11/site-packages/colcon_core/task/python/colcon_distutils_commands:/home/irman/3dlidar_ros2_legged_robot_inspection/install/go2_control/lib/python3.11/site-packages:${PYTHONPATH} /home/irman/micromamba/envs/ros2_env/bin/python3.11 -W ignore:setup.py install is deprecated -W ignore:easy_install command is deprecated setup.py egg_info --egg-base ../../build/go2_control build --build-base /home/irman/3dlidar_ros2_legged_robot_inspection/build/go2_control/build install --record /home/irman/3dlidar_ros2_legged_robot_inspection/build/go2_control/install.log --single-version-externally-managed install_data[0m
[1.453s] [34mcolcon.colcon_core.environment[0m [1;30mLevel 1[0m checking '/home/irman/3dlidar_ros2_legged_robot_inspection/install/go2_control' for CMake module files
[1.455s] [34mcolcon.colcon_core.environment[0m [1;30mLevel 1[0m checking '/home/irman/3dlidar_ros2_legged_robot_inspection/install/go2_control' for CMake config files
[1.454s] [34mcolcon.colcon_core.event_handler.log_command[0m [1;30mDEBUG[0m [32mInvoked command in '/home/irman/3dlidar_ros2_legged_robot_inspection/src/go2_control' returned '0': CONDA_PROMPT_MODIFIER=(ros2_env) DEBUGINFOD_URLS=https://debuginfod.ubuntu.com PYTHONPATH=/home/irman/3dlidar_ros2_legged_robot_inspection/build/go2_control/prefix_override:/home/irman/micromamba/envs/ros2_env/lib/python3.11/site-packages/colcon_core/task/python/colcon_distutils_commands:/home/irman/3dlidar_ros2_legged_robot_inspection/install/go2_control/lib/python3.11/site-packages:${PYTHONPATH} /home/irman/micromamba/envs/ros2_env/bin/python3.11 -W ignore:setup.py install is deprecated -W ignore:easy_install command is deprecated setup.py egg_info --egg-base ../../build/go2_control build --build-base /home/irman/3dlidar_ros2_legged_robot_inspection/build/go2_control/build install --record /home/irman/3dlidar_ros2_legged_robot_inspection/build/go2_control/install.log --single-version-externally-managed install_data[0m
[1.458s] [34mcolcon.colcon_core.environment[0m [1;30mLevel 1[0m checking '/home/irman/3dlidar_ros2_legged_robot_inspection/install/go2_control/lib'
[1.458s] [34mcolcon.colcon_core.environment[0m [1;30mLevel 1[0m checking '/home/irman/3dlidar_ros2_legged_robot_inspection/install/go2_control/bin'
[1.458s] [34mcolcon.colcon_core.environment[0m [1;30mLevel 1[0m checking '/home/irman/3dlidar_ros2_legged_robot_inspection/install/go2_control/lib/pkgconfig/go2_control.pc'
[1.458s] [34mcolcon.colcon_core.environment[0m [1;30mLevel 1[0m checking '/home/irman/3dlidar_ros2_legged_robot_inspection/install/go2_control/lib/python3.11/site-packages'
[1.458s] [34mcolcon.colcon_core.shell[0m [1;30mLevel 1[0m create_environment_hook('go2_control', 'pythonpath')
[1.459s] [34mcolcon.colcon_core.shell[0m [1;30mINFO[0m Creating environment hook '/home/irman/3dlidar_ros2_legged_robot_inspection/install/go2_control/share/go2_control/hook/pythonpath.ps1'
[1.459s] [34mcolcon.colcon_core.shell[0m [1;30mINFO[0m Creating environment descriptor '/home/irman/3dlidar_ros2_legged_robot_inspection/install/go2_control/share/go2_control/hook/pythonpath.dsv'
[1.462s] [34mcolcon.colcon_core.shell[0m [1;30mINFO[0m Creating environment hook '/home/irman/3dlidar_ros2_legged_robot_inspection/install/go2_control/share/go2_control/hook/pythonpath.sh'
[1.463s] [34mcolcon.colcon_core.environment[0m [1;30mLevel 1[0m checking '/home/irman/3dlidar_ros2_legged_robot_inspection/install/go2_control/bin'
[1.463s] [34mcolcon.colcon_core.environment[0m [1;30mLevel 1[0m create_environment_scripts_only(go2_control)
[1.464s] [34mcolcon.colcon_core.shell[0m [1;30mINFO[0m Creating package script '/home/irman/3dlidar_ros2_legged_robot_inspection/install/go2_control/share/go2_control/package.ps1'
[1.464s] [34mcolcon.colcon_core.shell[0m [1;30mINFO[0m Creating package descriptor '/home/irman/3dlidar_ros2_legged_robot_inspection/install/go2_control/share/go2_control/package.dsv'
[1.465s] [34mcolcon.colcon_core.shell[0m [1;30mINFO[0m Creating package script '/home/irman/3dlidar_ros2_legged_robot_inspection/install/go2_control/share/go2_control/package.sh'
[1.466s] [34mcolcon.colcon_core.shell[0m [1;30mINFO[0m Creating package script '/home/irman/3dlidar_ros2_legged_robot_inspection/install/go2_control/share/go2_control/package.bash'
[1.466s] [34mcolcon.colcon_core.shell[0m [1;30mINFO[0m Creating package script '/home/irman/3dlidar_ros2_legged_robot_inspection/install/go2_control/share/go2_control/package.zsh'
[1.467s] [34mcolcon.colcon_core.environment[0m [1;30mLevel 1[0m create_file_with_runtime_dependencies(/home/irman/3dlidar_ros2_legged_robot_inspection/install/go2_control/share/colcon-core/packages/go2_control)
[3.781s] [34mcolcon.colcon_core.event_handler.log_command[0m [1;30mDEBUG[0m [32mInvoked command in '/home/irman/3dlidar_ros2_legged_robot_inspection/build/champ_msgs' returned '0': CONDA_PROMPT_MODIFIER=(ros2_env) DEBUGINFOD_URLS=https://debuginfod.ubuntu.com /home/irman/micromamba/envs/ros2_env/bin/cmake --build /home/irman/3dlidar_ros2_legged_robot_inspection/build/champ_msgs -- -j16 -l16[0m
[3.782s] [34mcolcon.colcon_core.event_handler.log_command[0m [1;30mDEBUG[0m [32mInvoking command in '/home/irman/3dlidar_ros2_legged_robot_inspection/build/champ_msgs': CONDA_PROMPT_MODIFIER=(ros2_env) DEBUGINFOD_URLS=https://debuginfod.ubuntu.com /home/irman/micromamba/envs/ros2_env/bin/cmake --install /home/irman/3dlidar_ros2_legged_robot_inspection/build/champ_msgs[0m
[3.848s] [34mcolcon.colcon_core.environment[0m [1;30mLevel 1[0m create_environment_scripts_only(champ_msgs)
[3.849s] [34mcolcon.colcon_core.environment[0m [1;30mLevel 1[0m checking '/home/irman/3dlidar_ros2_legged_robot_inspection/install/champ_msgs' for CMake module files
[3.849s] [34mcolcon.colcon_core.event_handler.log_command[0m [1;30mDEBUG[0m [32mInvoked command in '/home/irman/3dlidar_ros2_legged_robot_inspection/build/champ_msgs' returned '0': CONDA_PROMPT_MODIFIER=(ros2_env) DEBUGINFOD_URLS=https://debuginfod.ubuntu.com /home/irman/micromamba/envs/ros2_env/bin/cmake --install /home/irman/3dlidar_ros2_legged_robot_inspection/build/champ_msgs[0m
[3.850s] [34mcolcon.colcon_core.environment[0m [1;30mLevel 1[0m checking '/home/irman/3dlidar_ros2_legged_robot_inspection/install/champ_msgs' for CMake config files
[3.850s] [34mcolcon.colcon_core.shell[0m [1;30mLevel 1[0m create_environment_hook('champ_msgs', 'cmake_prefix_path')
[3.850s] [34mcolcon.colcon_core.shell[0m [1;30mINFO[0m Creating environment hook '/home/irman/3dlidar_ros2_legged_robot_inspection/install/champ_msgs/share/champ_msgs/hook/cmake_prefix_path.ps1'
[3.850s] [34mcolcon.colcon_core.shell[0m [1;30mINFO[0m Creating environment descriptor '/home/irman/3dlidar_ros2_legged_robot_inspection/install/champ_msgs/share/champ_msgs/hook/cmake_prefix_path.dsv'
[3.851s] [34mcolcon.colcon_core.shell[0m [1;30mINFO[0m Creating environment hook '/home/irman/3dlidar_ros2_legged_robot_inspection/install/champ_msgs/share/champ_msgs/hook/cmake_prefix_path.sh'
[3.851s] [34mcolcon.colcon_core.environment[0m [1;30mLevel 1[0m checking '/home/irman/3dlidar_ros2_legged_robot_inspection/install/champ_msgs/lib'
[3.851s] [34mcolcon.colcon_core.shell[0m [1;30mLevel 1[0m create_environment_hook('champ_msgs', 'ld_library_path_lib')
[3.851s] [34mcolcon.colcon_core.shell[0m [1;30mINFO[0m Creating environment hook '/home/irman/3dlidar_ros2_legged_robot_inspection/install/champ_msgs/share/champ_msgs/hook/ld_library_path_lib.ps1'
[3.851s] [34mcolcon.colcon_core.shell[0m [1;30mINFO[0m Creating environment descriptor '/home/irman/3dlidar_ros2_legged_robot_inspection/install/champ_msgs/share/champ_msgs/hook/ld_library_path_lib.dsv'
[3.851s] [34mcolcon.colcon_core.shell[0m [1;30mINFO[0m Creating environment hook '/home/irman/3dlidar_ros2_legged_robot_inspection/install/champ_msgs/share/champ_msgs/hook/ld_library_path_lib.sh'
[3.852s] [34mcolcon.colcon_core.environment[0m [1;30mLevel 1[0m checking '/home/irman/3dlidar_ros2_legged_robot_inspection/install/champ_msgs/bin'
[3.852s] [34mcolcon.colcon_core.environment[0m [1;30mLevel 1[0m checking '/home/irman/3dlidar_ros2_legged_robot_inspection/install/champ_msgs/lib/pkgconfig/champ_msgs.pc'
[3.852s] [34mcolcon.colcon_core.environment[0m [1;30mLevel 1[0m checking '/home/irman/3dlidar_ros2_legged_robot_inspection/install/champ_msgs/lib/python3.11/site-packages'
[3.852s] [34mcolcon.colcon_core.shell[0m [1;30mLevel 1[0m create_environment_hook('champ_msgs', 'pythonpath')
[3.852s] [34mcolcon.colcon_core.shell[0m [1;30mINFO[0m Creating environment hook '/home/irman/3dlidar_ros2_legged_robot_inspection/install/champ_msgs/share/champ_msgs/hook/pythonpath.ps1'
[3.852s] [34mcolcon.colcon_core.shell[0m [1;30mINFO[0m Creating environment descriptor '/home/irman/3dlidar_ros2_legged_robot_inspection/install/champ_msgs/share/champ_msgs/hook/pythonpath.dsv'
[3.852s] [34mcolcon.colcon_core.shell[0m [1;30mINFO[0m Creating environment hook '/home/irman/3dlidar_ros2_legged_robot_inspection/install/champ_msgs/share/champ_msgs/hook/pythonpath.sh'
[3.853s] [34mcolcon.colcon_core.environment[0m [1;30mLevel 1[0m checking '/home/irman/3dlidar_ros2_legged_robot_inspection/install/champ_msgs/bin'
[3.853s] [34mcolcon.colcon_core.shell[0m [1;30mINFO[0m Creating package script '/home/irman/3dlidar_ros2_legged_robot_inspection/install/champ_msgs/share/champ_msgs/package.ps1'
[3.853s] [34mcolcon.colcon_core.shell[0m [1;30mINFO[0m Creating package descriptor '/home/irman/3dlidar_ros2_legged_robot_inspection/install/champ_msgs/share/champ_msgs/package.dsv'
[3.853s] [34mcolcon.colcon_core.shell[0m [1;30mINFO[0m Creating package script '/home/irman/3dlidar_ros2_legged_robot_inspection/install/champ_msgs/share/champ_msgs/package.sh'
[3.854s] [34mcolcon.colcon_core.shell[0m [1;30mINFO[0m Creating package script '/home/irman/3dlidar_ros2_legged_robot_inspection/install/champ_msgs/share/champ_msgs/package.bash'
[3.854s] [34mcolcon.colcon_core.shell[0m [1;30mINFO[0m Creating package script '/home/irman/3dlidar_ros2_legged_robot_inspection/install/champ_msgs/share/champ_msgs/package.zsh'
[3.854s] [34mcolcon.colcon_core.environment[0m [1;30mLevel 1[0m create_file_with_runtime_dependencies(/home/irman/3dlidar_ros2_legged_robot_inspection/install/champ_msgs/share/colcon-core/packages/champ_msgs)
[3.854s] [34mcolcon.colcon_core.environment[0m [1;30mLevel 1[0m create_environment_scripts_only(champ_msgs)
[3.855s] [34mcolcon.colcon_core.environment[0m [1;30mLevel 1[0m checking '/home/irman/3dlidar_ros2_legged_robot_inspection/install/champ_msgs' for CMake module files
[3.855s] [34mcolcon.colcon_core.environment[0m [1;30mLevel 1[0m checking '/home/irman/3dlidar_ros2_legged_robot_inspection/install/champ_msgs' for CMake config files
[3.855s] [34mcolcon.colcon_core.shell[0m [1;30mLevel 1[0m create_environment_hook('champ_msgs', 'cmake_prefix_path')
[3.855s] [34mcolcon.colcon_core.shell[0m [1;30mINFO[0m Creating environment hook '/home/irman/3dlidar_ros2_legged_robot_inspection/install/champ_msgs/share/champ_msgs/hook/cmake_prefix_path.ps1'
[3.855s] [34mcolcon.colcon_core.shell[0m [1;30mINFO[0m Creating environment descriptor '/home/irman/3dlidar_ros2_legged_robot_inspection/install/champ_msgs/share/champ_msgs/hook/cmake_prefix_path.dsv'
[3.856s] [34mcolcon.colcon_core.shell[0m [1;30mINFO[0m Creating environment hook '/home/irman/3dlidar_ros2_legged_robot_inspection/install/champ_msgs/share/champ_msgs/hook/cmake_prefix_path.sh'
[3.856s] [34mcolcon.colcon_core.environment[0m [1;30mLevel 1[0m checking '/home/irman/3dlidar_ros2_legged_robot_inspection/install/champ_msgs/lib'
[3.856s] [34mcolcon.colcon_core.shell[0m [1;30mLevel 1[0m create_environment_hook('champ_msgs', 'ld_library_path_lib')
[3.856s] [34mcolcon.colcon_core.shell[0m [1;30mINFO[0m Creating environment hook '/home/irman/3dlidar_ros2_legged_robot_inspection/install/champ_msgs/share/champ_msgs/hook/ld_library_path_lib.ps1'
[3.856s] [34mcolcon.colcon_core.shell[0m [1;30mINFO[0m Creating environment descriptor '/home/irman/3dlidar_ros2_legged_robot_inspection/install/champ_msgs/share/champ_msgs/hook/ld_library_path_lib.dsv'
[3.856s] [34mcolcon.colcon_core.shell[0m [1;30mINFO[0m Creating environment hook '/home/irman/3dlidar_ros2_legged_robot_inspection/install/champ_msgs/share/champ_msgs/hook/ld_library_path_lib.sh'
[3.857s] [34mcolcon.colcon_core.environment[0m [1;30mLevel 1[0m checking '/home/irman/3dlidar_ros2_legged_robot_inspection/install/champ_msgs/bin'
[3.857s] [34mcolcon.colcon_core.environment[0m [1;30mLevel 1[0m checking '/home/irman/3dlidar_ros2_legged_robot_inspection/install/champ_msgs/lib/pkgconfig/champ_msgs.pc'
[3.857s] [34mcolcon.colcon_core.environment[0m [1;30mLevel 1[0m checking '/home/irman/3dlidar_ros2_legged_robot_inspection/install/champ_msgs/lib/python3.11/site-packages'
[3.857s] [34mcolcon.colcon_core.shell[0m [1;30mLevel 1[0m create_environment_hook('champ_msgs', 'pythonpath')
[3.857s] [34mcolcon.colcon_core.shell[0m [1;30mINFO[0m Creating environment hook '/home/irman/3dlidar_ros2_legged_robot_inspection/install/champ_msgs/share/champ_msgs/hook/pythonpath.ps1'
[3.857s] [34mcolcon.colcon_core.shell[0m [1;30mINFO[0m Creating environment descriptor '/home/irman/3dlidar_ros2_legged_robot_inspection/install/champ_msgs/share/champ_msgs/hook/pythonpath.dsv'
[3.857s] [34mcolcon.colcon_core.shell[0m [1;30mINFO[0m Creating environment hook '/home/irman/3dlidar_ros2_legged_robot_inspection/install/champ_msgs/share/champ_msgs/hook/pythonpath.sh'
[3.858s] [34mcolcon.colcon_core.environment[0m [1;30mLevel 1[0m checking '/home/irman/3dlidar_ros2_legged_robot_inspection/install/champ_msgs/bin'
[3.858s] [34mcolcon.colcon_core.shell[0m [1;30mINFO[0m Creating package script '/home/irman/3dlidar_ros2_legged_robot_inspection/install/champ_msgs/share/champ_msgs/package.ps1'
[3.858s] [34mcolcon.colcon_core.shell[0m [1;30mINFO[0m Creating package descriptor '/home/irman/3dlidar_ros2_legged_robot_inspection/install/champ_msgs/share/champ_msgs/package.dsv'
[3.859s] [34mcolcon.colcon_core.shell[0m [1;30mINFO[0m Creating package script '/home/irman/3dlidar_ros2_legged_robot_inspection/install/champ_msgs/share/champ_msgs/package.sh'
[3.859s] [34mcolcon.colcon_core.shell[0m [1;30mINFO[0m Creating package script '/home/irman/3dlidar_ros2_legged_robot_inspection/install/champ_msgs/share/champ_msgs/package.bash'
[3.859s] [34mcolcon.colcon_core.shell[0m [1;30mINFO[0m Creating package script '/home/irman/3dlidar_ros2_legged_robot_inspection/install/champ_msgs/share/champ_msgs/package.zsh'
[3.859s] [34mcolcon.colcon_core.environment[0m [1;30mLevel 1[0m create_file_with_runtime_dependencies(/home/irman/3dlidar_ros2_legged_robot_inspection/install/champ_msgs/share/colcon-core/packages/champ_msgs)
[3.859s] [34mcolcon.colcon_ros.task.ament_cmake.build[0m [1;30mINFO[0m Building ROS package in '/home/irman/3dlidar_ros2_legged_robot_inspection/src/unitree-go2-ros2/champ/champ_base' with build type 'ament_cmake'
[3.860s] [34mcolcon.colcon_cmake.task.cmake.build[0m [1;30mINFO[0m Building CMake package in '/home/irman/3dlidar_ros2_legged_robot_inspection/src/unitree-go2-ros2/champ/champ_base'
[3.860s] [34mcolcon.colcon_core.shell[0m [1;30mINFO[0m Skip shell extension 'powershell' for command environment: Not usable outside of PowerShell
[3.860s] [34mcolcon.colcon_core.shell[0m [1;30mDEBUG[0m [32mSkip shell extension 'dsv' for command environment[0m
[3.862s] [34mcolcon.colcon_ros.task.ament_cmake.build[0m [1;30mINFO[0m Building ROS package in '/home/irman/3dlidar_ros2_legged_robot_inspection/src/unitree-go2-ros2/champ/champ_gazebo' with build type 'ament_cmake'
[3.862s] [34mcolcon.colcon_cmake.task.cmake.build[0m [1;30mINFO[0m Building CMake package in '/home/irman/3dlidar_ros2_legged_robot_inspection/src/unitree-go2-ros2/champ/champ_gazebo'
[3.863s] [34mcolcon.colcon_core.shell[0m [1;30mINFO[0m Skip shell extension 'powershell' for command environment: Not usable outside of PowerShell
[3.863s] [34mcolcon.colcon_core.shell[0m [1;30mDEBUG[0m [32mSkip shell extension 'dsv' for command environment[0m
[3.870s] [34mcolcon.colcon_core.event_handler.log_command[0m [1;30mDEBUG[0m [32mInvoking command in '/home/irman/3dlidar_ros2_legged_robot_inspection/build/champ_base': AMENT_PREFIX_PATH=/home/irman/3dlidar_ros2_legged_robot_inspection/install/champ_msgs:/home/irman/3dlidar_ros2_legged_robot_inspection/install/champ:${AMENT_PREFIX_PATH} CMAKE_PREFIX_PATH=/home/irman/3dlidar_ros2_legged_robot_inspection/install/champ_msgs:/home/irman/3dlidar_ros2_legged_robot_inspection/install/champ:${CMAKE_PREFIX_PATH} CONDA_PROMPT_MODIFIER=(ros2_env) DEBUGINFOD_URLS=https://debuginfod.ubuntu.com LD_LIBRARY_PATH=/home/irman/3dlidar_ros2_legged_robot_inspection/install/champ_msgs/lib:/home/irman/micromamba/envs/ros2_env/opt/rviz_ogre_vendor/lib:/home/irman/micromamba/envs/ros2_env/lib/gazebo-11/plugins PYTHONPATH=/home/irman/3dlidar_ros2_legged_robot_inspection/install/champ_msgs/lib/python3.11/site-packages:${PYTHONPATH} /home/irman/micromamba/envs/ros2_env/bin/cmake /home/irman/3dlidar_ros2_legged_robot_inspection/src/unitree-go2-ros2/champ/champ_base -DPython_EXECUTABLE=/home/irman/micromamba/envs/ros2_env/bin/python3 -DCMAKE_INSTALL_PREFIX=/home/irman/3dlidar_ros2_legged_robot_inspection/install/champ_base[0m
[3.872s] [34mcolcon.colcon_core.event_handler.log_command[0m [1;30mDEBUG[0m [32mInvoking command in '/home/irman/3dlidar_ros2_legged_robot_inspection/build/champ_gazebo': AMENT_PREFIX_PATH=/home/irman/3dlidar_ros2_legged_robot_inspection/install/champ_msgs:/home/irman/3dlidar_ros2_legged_robot_inspection/install/champ:${AMENT_PREFIX_PATH} CMAKE_PREFIX_PATH=/home/irman/3dlidar_ros2_legged_robot_inspection/install/champ_msgs:/home/irman/3dlidar_ros2_legged_robot_inspection/install/champ:${CMAKE_PREFIX_PATH} CONDA_PROMPT_MODIFIER=(ros2_env) DEBUGINFOD_URLS=https://debuginfod.ubuntu.com LD_LIBRARY_PATH=/home/irman/3dlidar_ros2_legged_robot_inspection/install/champ_msgs/lib:/home/irman/micromamba/envs/ros2_env/opt/rviz_ogre_vendor/lib:/home/irman/micromamba/envs/ros2_env/lib/gazebo-11/plugins PYTHONPATH=/home/irman/3dlidar_ros2_legged_robot_inspection/install/champ_msgs/lib/python3.11/site-packages:${PYTHONPATH} /home/irman/micromamba/envs/ros2_env/bin/cmake /home/irman/3dlidar_ros2_legged_robot_inspection/src/unitree-go2-ros2/champ/champ_gazebo -DPython_EXECUTABLE=/home/irman/micromamba/envs/ros2_env/bin/python3 -DCMAKE_INSTALL_PREFIX=/home/irman/3dlidar_ros2_legged_robot_inspection/install/champ_gazebo[0m
[6.554s] [34mcolcon.colcon_core.event_handler.log_command[0m [1;30mDEBUG[0m [32mInvoked command in '/home/irman/3dlidar_ros2_legged_robot_inspection/build/champ_base' returned '0': AMENT_PREFIX_PATH=/home/irman/3dlidar_ros2_legged_robot_inspection/install/champ_msgs:/home/irman/3dlidar_ros2_legged_robot_inspection/install/champ:${AMENT_PREFIX_PATH} CMAKE_PREFIX_PATH=/home/irman/3dlidar_ros2_legged_robot_inspection/install/champ_msgs:/home/irman/3dlidar_ros2_legged_robot_inspection/install/champ:${CMAKE_PREFIX_PATH} CONDA_PROMPT_MODIFIER=(ros2_env) DEBUGINFOD_URLS=https://debuginfod.ubuntu.com LD_LIBRARY_PATH=/home/irman/3dlidar_ros2_legged_robot_inspection/install/champ_msgs/lib:/home/irman/micromamba/envs/ros2_env/opt/rviz_ogre_vendor/lib:/home/irman/micromamba/envs/ros2_env/lib/gazebo-11/plugins PYTHONPATH=/home/irman/3dlidar_ros2_legged_robot_inspection/install/champ_msgs/lib/python3.11/site-packages:${PYTHONPATH} /home/irman/micromamba/envs/ros2_env/bin/cmake /home/irman/3dlidar_ros2_legged_robot_inspection/src/unitree-go2-ros2/champ/champ_base -DPython_EXECUTABLE=/home/irman/micromamba/envs/ros2_env/bin/python3 -DCMAKE_INSTALL_PREFIX=/home/irman/3dlidar_ros2_legged_robot_inspection/install/champ_base[0m
[6.556s] [34mcolcon.colcon_core.event_handler.log_command[0m [1;30mDEBUG[0m [32mInvoking command in '/home/irman/3dlidar_ros2_legged_robot_inspection/build/champ_base': AMENT_PREFIX_PATH=/home/irman/3dlidar_ros2_legged_robot_inspection/install/champ_msgs:/home/irman/3dlidar_ros2_legged_robot_inspection/install/champ:${AMENT_PREFIX_PATH} CMAKE_PREFIX_PATH=/home/irman/3dlidar_ros2_legged_robot_inspection/install/champ_msgs:/home/irman/3dlidar_ros2_legged_robot_inspection/install/champ:${CMAKE_PREFIX_PATH} CONDA_PROMPT_MODIFIER=(ros2_env) DEBUGINFOD_URLS=https://debuginfod.ubuntu.com LD_LIBRARY_PATH=/home/irman/3dlidar_ros2_legged_robot_inspection/install/champ_msgs/lib:/home/irman/micromamba/envs/ros2_env/opt/rviz_ogre_vendor/lib:/home/irman/micromamba/envs/ros2_env/lib/gazebo-11/plugins PYTHONPATH=/home/irman/3dlidar_ros2_legged_robot_inspection/install/champ_msgs/lib/python3.11/site-packages:${PYTHONPATH} /home/irman/micromamba/envs/ros2_env/bin/cmake --build /home/irman/3dlidar_ros2_legged_robot_inspection/build/champ_base -- -j16 -l16[0m
[11.617s] [34mcolcon.colcon_core.event_handler.log_command[0m [1;30mDEBUG[0m [32mInvoked command in '/home/irman/3dlidar_ros2_legged_robot_inspection/build/champ_gazebo' returned '0': AMENT_PREFIX_PATH=/home/irman/3dlidar_ros2_legged_robot_inspection/install/champ_msgs:/home/irman/3dlidar_ros2_legged_robot_inspection/install/champ:${AMENT_PREFIX_PATH} CMAKE_PREFIX_PATH=/home/irman/3dlidar_ros2_legged_robot_inspection/install/champ_msgs:/home/irman/3dlidar_ros2_legged_robot_inspection/install/champ:${CMAKE_PREFIX_PATH} CONDA_PROMPT_MODIFIER=(ros2_env) DEBUGINFOD_URLS=https://debuginfod.ubuntu.com LD_LIBRARY_PATH=/home/irman/3dlidar_ros2_legged_robot_inspection/install/champ_msgs/lib:/home/irman/micromamba/envs/ros2_env/opt/rviz_ogre_vendor/lib:/home/irman/micromamba/envs/ros2_env/lib/gazebo-11/plugins PYTHONPATH=/home/irman/3dlidar_ros2_legged_robot_inspection/install/champ_msgs/lib/python3.11/site-packages:${PYTHONPATH} /home/irman/micromamba/envs/ros2_env/bin/cmake /home/irman/3dlidar_ros2_legged_robot_inspection/src/unitree-go2-ros2/champ/champ_gazebo -DPython_EXECUTABLE=/home/irman/micromamba/envs/ros2_env/bin/python3 -DCMAKE_INSTALL_PREFIX=/home/irman/3dlidar_ros2_legged_robot_inspection/install/champ_gazebo[0m
[11.617s] [34mcolcon.colcon_core.event_handler.log_command[0m [1;30mDEBUG[0m [32mInvoking command in '/home/irman/3dlidar_ros2_legged_robot_inspection/build/champ_gazebo': AMENT_PREFIX_PATH=/home/irman/3dlidar_ros2_legged_robot_inspection/install/champ_msgs:/home/irman/3dlidar_ros2_legged_robot_inspection/install/champ:${AMENT_PREFIX_PATH} CMAKE_PREFIX_PATH=/home/irman/3dlidar_ros2_legged_robot_inspection/install/champ_msgs:/home/irman/3dlidar_ros2_legged_robot_inspection/install/champ:${CMAKE_PREFIX_PATH} CONDA_PROMPT_MODIFIER=(ros2_env) DEBUGINFOD_URLS=https://debuginfod.ubuntu.com LD_LIBRARY_PATH=/home/irman/3dlidar_ros2_legged_robot_inspection/install/champ_msgs/lib:/home/irman/micromamba/envs/ros2_env/opt/rviz_ogre_vendor/lib:/home/irman/micromamba/envs/ros2_env/lib/gazebo-11/plugins PYTHONPATH=/home/irman/3dlidar_ros2_legged_robot_inspection/install/champ_msgs/lib/python3.11/site-packages:${PYTHONPATH} /home/irman/micromamba/envs/ros2_env/bin/cmake --build /home/irman/3dlidar_ros2_legged_robot_inspection/build/champ_gazebo -- -j16 -l16[0m
[35.129s] [34mcolcon.colcon_core.event_handler.log_command[0m [1;30mDEBUG[0m [32mInvoked command in '/home/irman/3dlidar_ros2_legged_robot_inspection/build/champ_gazebo' returned '0': AMENT_PREFIX_PATH=/home/irman/3dlidar_ros2_legged_robot_inspection/install/champ_msgs:/home/irman/3dlidar_ros2_legged_robot_inspection/install/champ:${AMENT_PREFIX_PATH} CMAKE_PREFIX_PATH=/home/irman/3dlidar_ros2_legged_robot_inspection/install/champ_msgs:/home/irman/3dlidar_ros2_legged_robot_inspection/install/champ:${CMAKE_PREFIX_PATH} CONDA_PROMPT_MODIFIER=(ros2_env) DEBUGINFOD_URLS=https://debuginfod.ubuntu.com LD_LIBRARY_PATH=/home/irman/3dlidar_ros2_legged_robot_inspection/install/champ_msgs/lib:/home/irman/micromamba/envs/ros2_env/opt/rviz_ogre_vendor/lib:/home/irman/micromamba/envs/ros2_env/lib/gazebo-11/plugins PYTHONPATH=/home/irman/3dlidar_ros2_legged_robot_inspection/install/champ_msgs/lib/python3.11/site-packages:${PYTHONPATH} /home/irman/micromamba/envs/ros2_env/bin/cmake --build /home/irman/3dlidar_ros2_legged_robot_inspection/build/champ_gazebo -- -j16 -l16[0m
[35.130s] [34mcolcon.colcon_core.event_handler.log_command[0m [1;30mDEBUG[0m [32mInvoking command in '/home/irman/3dlidar_ros2_legged_robot_inspection/build/champ_gazebo': AMENT_PREFIX_PATH=/home/irman/3dlidar_ros2_legged_robot_inspection/install/champ_msgs:/home/irman/3dlidar_ros2_legged_robot_inspection/install/champ:${AMENT_PREFIX_PATH} CMAKE_PREFIX_PATH=/home/irman/3dlidar_ros2_legged_robot_inspection/install/champ_msgs:/home/irman/3dlidar_ros2_legged_robot_inspection/install/champ:${CMAKE_PREFIX_PATH} CONDA_PROMPT_MODIFIER=(ros2_env) DEBUGINFOD_URLS=https://debuginfod.ubuntu.com LD_LIBRARY_PATH=/home/irman/3dlidar_ros2_legged_robot_inspection/install/champ_msgs/lib:/home/irman/micromamba/envs/ros2_env/opt/rviz_ogre_vendor/lib:/home/irman/micromamba/envs/ros2_env/lib/gazebo-11/plugins PYTHONPATH=/home/irman/3dlidar_ros2_legged_robot_inspection/install/champ_msgs/lib/python3.11/site-packages:${PYTHONPATH} /home/irman/micromamba/envs/ros2_env/bin/cmake --install /home/irman/3dlidar_ros2_legged_robot_inspection/build/champ_gazebo[0m
[35.145s] [34mcolcon.colcon_core.environment[0m [1;30mLevel 1[0m create_environment_scripts_only(champ_gazebo)
[35.145s] [34mcolcon.colcon_core.environment[0m [1;30mLevel 1[0m checking '/home/irman/3dlidar_ros2_legged_robot_inspection/install/champ_gazebo' for CMake module files
[35.145s] [34mcolcon.colcon_core.event_handler.log_command[0m [1;30mDEBUG[0m [32mInvoked command in '/home/irman/3dlidar_ros2_legged_robot_inspection/build/champ_gazebo' returned '0': AMENT_PREFIX_PATH=/home/irman/3dlidar_ros2_legged_robot_inspection/install/champ_msgs:/home/irman/3dlidar_ros2_legged_robot_inspection/install/champ:${AMENT_PREFIX_PATH} CMAKE_PREFIX_PATH=/home/irman/3dlidar_ros2_legged_robot_inspection/install/champ_msgs:/home/irman/3dlidar_ros2_legged_robot_inspection/install/champ:${CMAKE_PREFIX_PATH} CONDA_PROMPT_MODIFIER=(ros2_env) DEBUGINFOD_URLS=https://debuginfod.ubuntu.com LD_LIBRARY_PATH=/home/irman/3dlidar_ros2_legged_robot_inspection/install/champ_msgs/lib:/home/irman/micromamba/envs/ros2_env/opt/rviz_ogre_vendor/lib:/home/irman/micromamba/envs/ros2_env/lib/gazebo-11/plugins PYTHONPATH=/home/irman/3dlidar_ros2_legged_robot_inspection/install/champ_msgs/lib/python3.11/site-packages:${PYTHONPATH} /home/irman/micromamba/envs/ros2_env/bin/cmake --install /home/irman/3dlidar_ros2_legged_robot_inspection/build/champ_gazebo[0m
[35.146s] [34mcolcon.colcon_core.environment[0m [1;30mLevel 1[0m checking '/home/irman/3dlidar_ros2_legged_robot_inspection/install/champ_gazebo' for CMake config files
[35.146s] [34mcolcon.colcon_core.shell[0m [1;30mLevel 1[0m create_environment_hook('champ_gazebo', 'cmake_prefix_path')
[35.146s] [34mcolcon.colcon_core.shell[0m [1;30mINFO[0m Creating environment hook '/home/irman/3dlidar_ros2_legged_robot_inspection/install/champ_gazebo/share/champ_gazebo/hook/cmake_prefix_path.ps1'
[35.147s] [34mcolcon.colcon_core.shell[0m [1;30mINFO[0m Creating environment descriptor '/home/irman/3dlidar_ros2_legged_robot_inspection/install/champ_gazebo/share/champ_gazebo/hook/cmake_prefix_path.dsv'
[35.147s] [34mcolcon.colcon_core.shell[0m [1;30mINFO[0m Creating environment hook '/home/irman/3dlidar_ros2_legged_robot_inspection/install/champ_gazebo/share/champ_gazebo/hook/cmake_prefix_path.sh'
[35.148s] [34mcolcon.colcon_core.environment[0m [1;30mLevel 1[0m checking '/home/irman/3dlidar_ros2_legged_robot_inspection/install/champ_gazebo/lib'
[35.148s] [34mcolcon.colcon_core.environment[0m [1;30mLevel 1[0m checking '/home/irman/3dlidar_ros2_legged_robot_inspection/install/champ_gazebo/bin'
[35.148s] [34mcolcon.colcon_core.shell[0m [1;30mLevel 1[0m create_environment_hook('champ_gazebo', 'path')
[35.148s] [34mcolcon.colcon_core.shell[0m [1;30mINFO[0m Creating environment hook '/home/irman/3dlidar_ros2_legged_robot_inspection/install/champ_gazebo/share/champ_gazebo/hook/path.ps1'
[35.148s] [34mcolcon.colcon_core.shell[0m [1;30mINFO[0m Creating environment descriptor '/home/irman/3dlidar_ros2_legged_robot_inspection/install/champ_gazebo/share/champ_gazebo/hook/path.dsv'
[35.149s] [34mcolcon.colcon_core.shell[0m [1;30mINFO[0m Creating environment hook '/home/irman/3dlidar_ros2_legged_robot_inspection/install/champ_gazebo/share/champ_gazebo/hook/path.sh'
[35.149s] [34mcolcon.colcon_core.environment[0m [1;30mLevel 1[0m checking '/home/irman/3dlidar_ros2_legged_robot_inspection/install/champ_gazebo/lib/pkgconfig/champ_gazebo.pc'
[35.149s] [34mcolcon.colcon_core.environment[0m [1;30mLevel 1[0m checking '/home/irman/3dlidar_ros2_legged_robot_inspection/install/champ_gazebo/lib/python3.11/site-packages'
[35.149s] [34mcolcon.colcon_core.environment[0m [1;30mLevel 1[0m checking '/home/irman/3dlidar_ros2_legged_robot_inspection/install/champ_gazebo/bin'
[35.149s] [34mcolcon.colcon_core.shell[0m [1;30mLevel 1[0m create_environment_hook('champ_gazebo', 'pythonscriptspath')
[35.149s] [34mcolcon.colcon_core.shell[0m [1;30mINFO[0m Creating environment hook '/home/irman/3dlidar_ros2_legged_robot_inspection/install/champ_gazebo/share/champ_gazebo/hook/pythonscriptspath.ps1'
[35.150s] [34mcolcon.colcon_core.shell[0m [1;30mINFO[0m Creating environment descriptor '/home/irman/3dlidar_ros2_legged_robot_inspection/install/champ_gazebo/share/champ_gazebo/hook/pythonscriptspath.dsv'
[35.150s] [34mcolcon.colcon_core.shell[0m [1;30mINFO[0m Creating environment hook '/home/irman/3dlidar_ros2_legged_robot_inspection/install/champ_gazebo/share/champ_gazebo/hook/pythonscriptspath.sh'
[35.150s] [34mcolcon.colcon_core.shell[0m [1;30mINFO[0m Creating package script '/home/irman/3dlidar_ros2_legged_robot_inspection/install/champ_gazebo/share/champ_gazebo/package.ps1'
[35.151s] [34mcolcon.colcon_core.shell[0m [1;30mINFO[0m Creating package descriptor '/home/irman/3dlidar_ros2_legged_robot_inspection/install/champ_gazebo/share/champ_gazebo/package.dsv'
[35.151s] [34mcolcon.colcon_core.shell[0m [1;30mINFO[0m Creating package script '/home/irman/3dlidar_ros2_legged_robot_inspection/install/champ_gazebo/share/champ_gazebo/package.sh'
[35.151s] [34mcolcon.colcon_core.shell[0m [1;30mINFO[0m Creating package script '/home/irman/3dlidar_ros2_legged_robot_inspection/install/champ_gazebo/share/champ_gazebo/package.bash'
[35.152s] [34mcolcon.colcon_core.shell[0m [1;30mINFO[0m Creating package script '/home/irman/3dlidar_ros2_legged_robot_inspection/install/champ_gazebo/share/champ_gazebo/package.zsh'
[35.152s] [34mcolcon.colcon_core.environment[0m [1;30mLevel 1[0m create_file_with_runtime_dependencies(/home/irman/3dlidar_ros2_legged_robot_inspection/install/champ_gazebo/share/colcon-core/packages/champ_gazebo)
[35.152s] [34mcolcon.colcon_core.environment[0m [1;30mLevel 1[0m create_environment_scripts_only(champ_gazebo)
[35.152s] [34mcolcon.colcon_core.environment[0m [1;30mLevel 1[0m checking '/home/irman/3dlidar_ros2_legged_robot_inspection/install/champ_gazebo' for CMake module files
[35.153s] [34mcolcon.colcon_core.environment[0m [1;30mLevel 1[0m checking '/home/irman/3dlidar_ros2_legged_robot_inspection/install/champ_gazebo' for CMake config files
[35.153s] [34mcolcon.colcon_core.shell[0m [1;30mLevel 1[0m create_environment_hook('champ_gazebo', 'cmake_prefix_path')
[35.153s] [34mcolcon.colcon_core.shell[0m [1;30mINFO[0m Creating environment hook '/home/irman/3dlidar_ros2_legged_robot_inspection/install/champ_gazebo/share/champ_gazebo/hook/cmake_prefix_path.ps1'
[35.153s] [34mcolcon.colcon_core.shell[0m [1;30mINFO[0m Creating environment descriptor '/home/irman/3dlidar_ros2_legged_robot_inspection/install/champ_gazebo/share/champ_gazebo/hook/cmake_prefix_path.dsv'
[35.154s] [34mcolcon.colcon_core.shell[0m [1;30mINFO[0m Creating environment hook '/home/irman/3dlidar_ros2_legged_robot_inspection/install/champ_gazebo/share/champ_gazebo/hook/cmake_prefix_path.sh'
[35.154s] [34mcolcon.colcon_core.environment[0m [1;30mLevel 1[0m checking '/home/irman/3dlidar_ros2_legged_robot_inspection/install/champ_gazebo/lib'
[35.154s] [34mcolcon.colcon_core.environment[0m [1;30mLevel 1[0m checking '/home/irman/3dlidar_ros2_legged_robot_inspection/install/champ_gazebo/bin'
[35.154s] [34mcolcon.colcon_core.shell[0m [1;30mLevel 1[0m create_environment_hook('champ_gazebo', 'path')
[35.154s] [34mcolcon.colcon_core.shell[0m [1;30mINFO[0m Creating environment hook '/home/irman/3dlidar_ros2_legged_robot_inspection/install/champ_gazebo/share/champ_gazebo/hook/path.ps1'
[35.155s] [34mcolcon.colcon_core.shell[0m [1;30mINFO[0m Creating environment descriptor '/home/irman/3dlidar_ros2_legged_robot_inspection/install/champ_gazebo/share/champ_gazebo/hook/path.dsv'
[35.155s] [34mcolcon.colcon_core.shell[0m [1;30mINFO[0m Creating environment hook '/home/irman/3dlidar_ros2_legged_robot_inspection/install/champ_gazebo/share/champ_gazebo/hook/path.sh'
[35.155s] [34mcolcon.colcon_core.environment[0m [1;30mLevel 1[0m checking '/home/irman/3dlidar_ros2_legged_robot_inspection/install/champ_gazebo/lib/pkgconfig/champ_gazebo.pc'
[35.156s] [34mcolcon.colcon_core.environment[0m [1;30mLevel 1[0m checking '/home/irman/3dlidar_ros2_legged_robot_inspection/install/champ_gazebo/lib/python3.11/site-packages'
[35.156s] [34mcolcon.colcon_core.environment[0m [1;30mLevel 1[0m checking '/home/irman/3dlidar_ros2_legged_robot_inspection/install/champ_gazebo/bin'
[35.156s] [34mcolcon.colcon_core.shell[0m [1;30mLevel 1[0m create_environment_hook('champ_gazebo', 'pythonscriptspath')
[35.156s] [34mcolcon.colcon_core.shell[0m [1;30mINFO[0m Creating environment hook '/home/irman/3dlidar_ros2_legged_robot_inspection/install/champ_gazebo/share/champ_gazebo/hook/pythonscriptspath.ps1'
[35.156s] [34mcolcon.colcon_core.shell[0m [1;30mINFO[0m Creating environment descriptor '/home/irman/3dlidar_ros2_legged_robot_inspection/install/champ_gazebo/share/champ_gazebo/hook/pythonscriptspath.dsv'
[35.156s] [34mcolcon.colcon_core.shell[0m [1;30mINFO[0m Creating environment hook '/home/irman/3dlidar_ros2_legged_robot_inspection/install/champ_gazebo/share/champ_gazebo/hook/pythonscriptspath.sh'
[35.157s] [34mcolcon.colcon_core.shell[0m [1;30mINFO[0m Creating package script '/home/irman/3dlidar_ros2_legged_robot_inspection/install/champ_gazebo/share/champ_gazebo/package.ps1'
[35.157s] [34mcolcon.colcon_core.shell[0m [1;30mINFO[0m Creating package descriptor '/home/irman/3dlidar_ros2_legged_robot_inspection/install/champ_gazebo/share/champ_gazebo/package.dsv'
[35.157s] [34mcolcon.colcon_core.shell[0m [1;30mINFO[0m Creating package script '/home/irman/3dlidar_ros2_legged_robot_inspection/install/champ_gazebo/share/champ_gazebo/package.sh'
[35.158s] [34mcolcon.colcon_core.shell[0m [1;30mINFO[0m Creating package script '/home/irman/3dlidar_ros2_legged_robot_inspection/install/champ_gazebo/share/champ_gazebo/package.bash'
[35.158s] [34mcolcon.colcon_core.shell[0m [1;30mINFO[0m Creating package script '/home/irman/3dlidar_ros2_legged_robot_inspection/install/champ_gazebo/share/champ_gazebo/package.zsh'
[35.158s] [34mcolcon.colcon_core.environment[0m [1;30mLevel 1[0m create_file_with_runtime_dependencies(/home/irman/3dlidar_ros2_legged_robot_inspection/install/champ_gazebo/share/colcon-core/packages/champ_gazebo)
[38.865s] [34mcolcon.colcon_core.event_handler.log_command[0m [1;30mDEBUG[0m [32mInvoked command in '/home/irman/3dlidar_ros2_legged_robot_inspection/build/champ_base' returned '0': AMENT_PREFIX_PATH=/home/irman/3dlidar_ros2_legged_robot_inspection/install/champ_msgs:/home/irman/3dlidar_ros2_legged_robot_inspection/install/champ:${AMENT_PREFIX_PATH} CMAKE_PREFIX_PATH=/home/irman/3dlidar_ros2_legged_robot_inspection/install/champ_msgs:/home/irman/3dlidar_ros2_legged_robot_inspection/install/champ:${CMAKE_PREFIX_PATH} CONDA_PROMPT_MODIFIER=(ros2_env) DEBUGINFOD_URLS=https://debuginfod.ubuntu.com LD_LIBRARY_PATH=/home/irman/3dlidar_ros2_legged_robot_inspection/install/champ_msgs/lib:/home/irman/micromamba/envs/ros2_env/opt/rviz_ogre_vendor/lib:/home/irman/micromamba/envs/ros2_env/lib/gazebo-11/plugins PYTHONPATH=/home/irman/3dlidar_ros2_legged_robot_inspection/install/champ_msgs/lib/python3.11/site-packages:${PYTHONPATH} /home/irman/micromamba/envs/ros2_env/bin/cmake --build /home/irman/3dlidar_ros2_legged_robot_inspection/build/champ_base -- -j16 -l16[0m
[38.866s] [34mcolcon.colcon_core.event_handler.log_command[0m [1;30mDEBUG[0m [32mInvoking command in '/home/irman/3dlidar_ros2_legged_robot_inspection/build/champ_base': AMENT_PREFIX_PATH=/home/irman/3dlidar_ros2_legged_robot_inspection/install/champ_msgs:/home/irman/3dlidar_ros2_legged_robot_inspection/install/champ:${AMENT_PREFIX_PATH} CMAKE_PREFIX_PATH=/home/irman/3dlidar_ros2_legged_robot_inspection/install/champ_msgs:/home/irman/3dlidar_ros2_legged_robot_inspection/install/champ:${CMAKE_PREFIX_PATH} CONDA_PROMPT_MODIFIER=(ros2_env) DEBUGINFOD_URLS=https://debuginfod.ubuntu.com LD_LIBRARY_PATH=/home/irman/3dlidar_ros2_legged_robot_inspection/install/champ_msgs/lib:/home/irman/micromamba/envs/ros2_env/opt/rviz_ogre_vendor/lib:/home/irman/micromamba/envs/ros2_env/lib/gazebo-11/plugins PYTHONPATH=/home/irman/3dlidar_ros2_legged_robot_inspection/install/champ_msgs/lib/python3.11/site-packages:${PYTHONPATH} /home/irman/micromamba/envs/ros2_env/bin/cmake --install /home/irman/3dlidar_ros2_legged_robot_inspection/build/champ_base[0m
[38.886s] [34mcolcon.colcon_core.environment[0m [1;30mLevel 1[0m create_environment_scripts_only(champ_base)
[38.886s] [34mcolcon.colcon_core.environment[0m [1;30mLevel 1[0m checking '/home/irman/3dlidar_ros2_legged_robot_inspection/install/champ_base' for CMake module files
[38.887s] [34mcolcon.colcon_core.event_handler.log_command[0m [1;30mDEBUG[0m [32mInvoked command in '/home/irman/3dlidar_ros2_legged_robot_inspection/build/champ_base' returned '0': AMENT_PREFIX_PATH=/home/irman/3dlidar_ros2_legged_robot_inspection/install/champ_msgs:/home/irman/3dlidar_ros2_legged_robot_inspection/install/champ:${AMENT_PREFIX_PATH} CMAKE_PREFIX_PATH=/home/irman/3dlidar_ros2_legged_robot_inspection/install/champ_msgs:/home/irman/3dlidar_ros2_legged_robot_inspection/install/champ:${CMAKE_PREFIX_PATH} CONDA_PROMPT_MODIFIER=(ros2_env) DEBUGINFOD_URLS=https://debuginfod.ubuntu.com LD_LIBRARY_PATH=/home/irman/3dlidar_ros2_legged_robot_inspection/install/champ_msgs/lib:/home/irman/micromamba/envs/ros2_env/opt/rviz_ogre_vendor/lib:/home/irman/micromamba/envs/ros2_env/lib/gazebo-11/plugins PYTHONPATH=/home/irman/3dlidar_ros2_legged_robot_inspection/install/champ_msgs/lib/python3.11/site-packages:${PYTHONPATH} /home/irman/micromamba/envs/ros2_env/bin/cmake --install /home/irman/3dlidar_ros2_legged_robot_inspection/build/champ_base[0m
[38.887s] [34mcolcon.colcon_core.environment[0m [1;30mLevel 1[0m checking '/home/irman/3dlidar_ros2_legged_robot_inspection/install/champ_base' for CMake config files
[38.887s] [34mcolcon.colcon_core.shell[0m [1;30mLevel 1[0m create_environment_hook('champ_base', 'cmake_prefix_path')
[38.888s] [34mcolcon.colcon_core.shell[0m [1;30mINFO[0m Creating environment hook '/home/irman/3dlidar_ros2_legged_robot_inspection/install/champ_base/share/champ_base/hook/cmake_prefix_path.ps1'
[38.888s] [34mcolcon.colcon_core.shell[0m [1;30mINFO[0m Creating environment descriptor '/home/irman/3dlidar_ros2_legged_robot_inspection/install/champ_base/share/champ_base/hook/cmake_prefix_path.dsv'
[38.888s] [34mcolcon.colcon_core.shell[0m [1;30mINFO[0m Creating environment hook '/home/irman/3dlidar_ros2_legged_robot_inspection/install/champ_base/share/champ_base/hook/cmake_prefix_path.sh'
[38.889s] [34mcolcon.colcon_core.environment[0m [1;30mLevel 1[0m checking '/home/irman/3dlidar_ros2_legged_robot_inspection/install/champ_base/lib'
[38.889s] [34mcolcon.colcon_core.shell[0m [1;30mLevel 1[0m create_environment_hook('champ_base', 'ld_library_path_lib')
[38.889s] [34mcolcon.colcon_core.shell[0m [1;30mINFO[0m Creating environment hook '/home/irman/3dlidar_ros2_legged_robot_inspection/install/champ_base/share/champ_base/hook/ld_library_path_lib.ps1'
[38.889s] [34mcolcon.colcon_core.shell[0m [1;30mINFO[0m Creating environment descriptor '/home/irman/3dlidar_ros2_legged_robot_inspection/install/champ_base/share/champ_base/hook/ld_library_path_lib.dsv'
[38.889s] [34mcolcon.colcon_core.shell[0m [1;30mINFO[0m Creating environment hook '/home/irman/3dlidar_ros2_legged_robot_inspection/install/champ_base/share/champ_base/hook/ld_library_path_lib.sh'
[38.890s] [34mcolcon.colcon_core.environment[0m [1;30mLevel 1[0m checking '/home/irman/3dlidar_ros2_legged_robot_inspection/install/champ_base/bin'
[38.890s] [34mcolcon.colcon_core.shell[0m [1;30mLevel 1[0m create_environment_hook('champ_base', 'path')
[38.890s] [34mcolcon.colcon_core.shell[0m [1;30mINFO[0m Creating environment hook '/home/irman/3dlidar_ros2_legged_robot_inspection/install/champ_base/share/champ_base/hook/path.ps1'
[38.890s] [34mcolcon.colcon_core.shell[0m [1;30mINFO[0m Creating environment descriptor '/home/irman/3dlidar_ros2_legged_robot_inspection/install/champ_base/share/champ_base/hook/path.dsv'
[38.890s] [34mcolcon.colcon_core.shell[0m [1;30mINFO[0m Creating environment hook '/home/irman/3dlidar_ros2_legged_robot_inspection/install/champ_base/share/champ_base/hook/path.sh'
[38.890s] [34mcolcon.colcon_core.environment[0m [1;30mLevel 1[0m checking '/home/irman/3dlidar_ros2_legged_robot_inspection/install/champ_base/lib/pkgconfig/champ_base.pc'
[38.891s] [34mcolcon.colcon_core.environment[0m [1;30mLevel 1[0m checking '/home/irman/3dlidar_ros2_legged_robot_inspection/install/champ_base/lib/python3.11/site-packages'
[38.891s] [34mcolcon.colcon_core.environment[0m [1;30mLevel 1[0m checking '/home/irman/3dlidar_ros2_legged_robot_inspection/install/champ_base/bin'
[38.891s] [34mcolcon.colcon_core.shell[0m [1;30mLevel 1[0m create_environment_hook('champ_base', 'pythonscriptspath')
[38.891s] [34mcolcon.colcon_core.shell[0m [1;30mINFO[0m Creating environment hook '/home/irman/3dlidar_ros2_legged_robot_inspection/install/champ_base/share/champ_base/hook/pythonscriptspath.ps1'
[38.891s] [34mcolcon.colcon_core.shell[0m [1;30mINFO[0m Creating environment descriptor '/home/irman/3dlidar_ros2_legged_robot_inspection/install/champ_base/share/champ_base/hook/pythonscriptspath.dsv'
[38.891s] [34mcolcon.colcon_core.shell[0m [1;30mINFO[0m Creating environment hook '/home/irman/3dlidar_ros2_legged_robot_inspection/install/champ_base/share/champ_base/hook/pythonscriptspath.sh'
[38.892s] [34mcolcon.colcon_core.shell[0m [1;30mINFO[0m Creating package script '/home/irman/3dlidar_ros2_legged_robot_inspection/install/champ_base/share/champ_base/package.ps1'
[38.892s] [34mcolcon.colcon_core.shell[0m [1;30mINFO[0m Creating package descriptor '/home/irman/3dlidar_ros2_legged_robot_inspection/install/champ_base/share/champ_base/package.dsv'
[38.892s] [34mcolcon.colcon_core.shell[0m [1;30mINFO[0m Creating package script '/home/irman/3dlidar_ros2_legged_robot_inspection/install/champ_base/share/champ_base/package.sh'
[38.892s] [34mcolcon.colcon_core.shell[0m [1;30mINFO[0m Creating package script '/home/irman/3dlidar_ros2_legged_robot_inspection/install/champ_base/share/champ_base/package.bash'
[38.893s] [34mcolcon.colcon_core.shell[0m [1;30mINFO[0m Creating package script '/home/irman/3dlidar_ros2_legged_robot_inspection/install/champ_base/share/champ_base/package.zsh'
[38.893s] [34mcolcon.colcon_core.environment[0m [1;30mLevel 1[0m create_file_with_runtime_dependencies(/home/irman/3dlidar_ros2_legged_robot_inspection/install/champ_base/share/colcon-core/packages/champ_base)
[38.893s] [34mcolcon.colcon_core.environment[0m [1;30mLevel 1[0m create_environment_scripts_only(champ_base)
[38.893s] [34mcolcon.colcon_core.environment[0m [1;30mLevel 1[0m checking '/home/irman/3dlidar_ros2_legged_robot_inspection/install/champ_base' for CMake module files
[38.894s] [34mcolcon.colcon_core.environment[0m [1;30mLevel 1[0m checking '/home/irman/3dlidar_ros2_legged_robot_inspection/install/champ_base' for CMake config files
[38.894s] [34mcolcon.colcon_core.shell[0m [1;30mLevel 1[0m create_environment_hook('champ_base', 'cmake_prefix_path')
[38.894s] [34mcolcon.colcon_core.shell[0m [1;30mINFO[0m Creating environment hook '/home/irman/3dlidar_ros2_legged_robot_inspection/install/champ_base/share/champ_base/hook/cmake_prefix_path.ps1'
[38.894s] [34mcolcon.colcon_core.shell[0m [1;30mINFO[0m Creating environment descriptor '/home/irman/3dlidar_ros2_legged_robot_inspection/install/champ_base/share/champ_base/hook/cmake_prefix_path.dsv'
[38.894s] [34mcolcon.colcon_core.shell[0m [1;30mINFO[0m Creating environment hook '/home/irman/3dlidar_ros2_legged_robot_inspection/install/champ_base/share/champ_base/hook/cmake_prefix_path.sh'
[38.895s] [34mcolcon.colcon_core.environment[0m [1;30mLevel 1[0m checking '/home/irman/3dlidar_ros2_legged_robot_inspection/install/champ_base/lib'
[38.895s] [34mcolcon.colcon_core.shell[0m [1;30mLevel 1[0m create_environment_hook('champ_base', 'ld_library_path_lib')
[38.895s] [34mcolcon.colcon_core.shell[0m [1;30mINFO[0m Creating environment hook '/home/irman/3dlidar_ros2_legged_robot_inspection/install/champ_base/share/champ_base/hook/ld_library_path_lib.ps1'
[38.895s] [34mcolcon.colcon_core.shell[0m [1;30mINFO[0m Creating environment descriptor '/home/irman/3dlidar_ros2_legged_robot_inspection/install/champ_base/share/champ_base/hook/ld_library_path_lib.dsv'
[38.896s] [34mcolcon.colcon_core.shell[0m [1;30mINFO[0m Creating environment hook '/home/irman/3dlidar_ros2_legged_robot_inspection/install/champ_base/share/champ_base/hook/ld_library_path_lib.sh'
[38.896s] [34mcolcon.colcon_core.environment[0m [1;30mLevel 1[0m checking '/home/irman/3dlidar_ros2_legged_robot_inspection/install/champ_base/bin'
[38.896s] [34mcolcon.colcon_core.shell[0m [1;30mLevel 1[0m create_environment_hook('champ_base', 'path')
[38.896s] [34mcolcon.colcon_core.shell[0m [1;30mINFO[0m Creating environment hook '/home/irman/3dlidar_ros2_legged_robot_inspection/install/champ_base/share/champ_base/hook/path.ps1'
[38.896s] [34mcolcon.colcon_core.shell[0m [1;30mINFO[0m Creating environment descriptor '/home/irman/3dlidar_ros2_legged_robot_inspection/install/champ_base/share/champ_base/hook/path.dsv'
[38.897s] [34mcolcon.colcon_core.shell[0m [1;30mINFO[0m Creating environment hook '/home/irman/3dlidar_ros2_legged_robot_inspection/install/champ_base/share/champ_base/hook/path.sh'
[38.897s] [34mcolcon.colcon_core.environment[0m [1;30mLevel 1[0m checking '/home/irman/3dlidar_ros2_legged_robot_inspection/install/champ_base/lib/pkgconfig/champ_base.pc'
[38.897s] [34mcolcon.colcon_core.environment[0m [1;30mLevel 1[0m checking '/home/irman/3dlidar_ros2_legged_robot_inspection/install/champ_base/lib/python3.11/site-packages'
[38.897s] [34mcolcon.colcon_core.environment[0m [1;30mLevel 1[0m checking '/home/irman/3dlidar_ros2_legged_robot_inspection/install/champ_base/bin'
[38.897s] [34mcolcon.colcon_core.shell[0m [1;30mLevel 1[0m create_environment_hook('champ_base', 'pythonscriptspath')
[38.897s] [34mcolcon.colcon_core.shell[0m [1;30mINFO[0m Creating environment hook '/home/irman/3dlidar_ros2_legged_robot_inspection/install/champ_base/share/champ_base/hook/pythonscriptspath.ps1'
[38.898s] [34mcolcon.colcon_core.shell[0m [1;30mINFO[0m Creating environment descriptor '/home/irman/3dlidar_ros2_legged_robot_inspection/install/champ_base/share/champ_base/hook/pythonscriptspath.dsv'
[38.898s] [34mcolcon.colcon_core.shell[0m [1;30mINFO[0m Creating environment hook '/home/irman/3dlidar_ros2_legged_robot_inspection/install/champ_base/share/champ_base/hook/pythonscriptspath.sh'
[38.898s] [34mcolcon.colcon_core.shell[0m [1;30mINFO[0m Creating package script '/home/irman/3dlidar_ros2_legged_robot_inspection/install/champ_base/share/champ_base/package.ps1'
[38.899s] [34mcolcon.colcon_core.shell[0m [1;30mINFO[0m Creating package descriptor '/home/irman/3dlidar_ros2_legged_robot_inspection/install/champ_base/share/champ_base/package.dsv'
[38.899s] [34mcolcon.colcon_core.shell[0m [1;30mINFO[0m Creating package script '/home/irman/3dlidar_ros2_legged_robot_inspection/install/champ_base/share/champ_base/package.sh'
[38.899s] [34mcolcon.colcon_core.shell[0m [1;30mINFO[0m Creating package script '/home/irman/3dlidar_ros2_legged_robot_inspection/install/champ_base/share/champ_base/package.bash'
[38.900s] [34mcolcon.colcon_core.shell[0m [1;30mINFO[0m Creating package script '/home/irman/3dlidar_ros2_legged_robot_inspection/install/champ_base/share/champ_base/package.zsh'
[38.900s] [34mcolcon.colcon_core.environment[0m [1;30mLevel 1[0m create_file_with_runtime_dependencies(/home/irman/3dlidar_ros2_legged_robot_inspection/install/champ_base/share/colcon-core/packages/champ_base)
[38.900s] [34mcolcon.colcon_ros.task.ament_cmake.build[0m [1;30mINFO[0m Building ROS package in '/home/irman/3dlidar_ros2_legged_robot_inspection/src/unitree-go2-ros2/champ/champ_bringup' with build type 'ament_cmake'
[38.900s] [34mcolcon.colcon_cmake.task.cmake.build[0m [1;30mINFO[0m Building CMake package in '/home/irman/3dlidar_ros2_legged_robot_inspection/src/unitree-go2-ros2/champ/champ_bringup'
[38.900s] [34mcolcon.colcon_core.shell[0m [1;30mINFO[0m Skip shell extension 'powershell' for command environment: Not usable outside of PowerShell
[38.900s] [34mcolcon.colcon_core.shell[0m [1;30mDEBUG[0m [32mSkip shell extension 'dsv' for command environment[0m
[38.914s] [34mcolcon.colcon_core.event_handler.log_command[0m [1;30mDEBUG[0m [32mInvoking command in '/home/irman/3dlidar_ros2_legged_robot_inspection/build/champ_bringup': AMENT_PREFIX_PATH=/home/irman/3dlidar_ros2_legged_robot_inspection/install/champ_base:/home/irman/3dlidar_ros2_legged_robot_inspection/install/champ_msgs:/home/irman/3dlidar_ros2_legged_robot_inspection/install/champ_description:/home/irman/3dlidar_ros2_legged_robot_inspection/install/champ:${AMENT_PREFIX_PATH} CMAKE_PREFIX_PATH=/home/irman/3dlidar_ros2_legged_robot_inspection/install/champ_base:/home/irman/3dlidar_ros2_legged_robot_inspection/install/champ_msgs:/home/irman/3dlidar_ros2_legged_robot_inspection/install/champ_description:/home/irman/3dlidar_ros2_legged_robot_inspection/install/champ:${CMAKE_PREFIX_PATH} CONDA_PROMPT_MODIFIER=(ros2_env) DEBUGINFOD_URLS=https://debuginfod.ubuntu.com LD_LIBRARY_PATH=/home/irman/3dlidar_ros2_legged_robot_inspection/install/champ_base/lib:/home/irman/3dlidar_ros2_legged_robot_inspection/install/champ_msgs/lib:/home/irman/micromamba/envs/ros2_env/opt/rviz_ogre_vendor/lib:/home/irman/micromamba/envs/ros2_env/lib/gazebo-11/plugins PATH=/home/irman/3dlidar_ros2_legged_robot_inspection/install/champ_base/bin:${PATH} PYTHONPATH=/home/irman/3dlidar_ros2_legged_robot_inspection/install/champ_msgs/lib/python3.11/site-packages:${PYTHONPATH} /home/irman/micromamba/envs/ros2_env/bin/cmake /home/irman/3dlidar_ros2_legged_robot_inspection/src/unitree-go2-ros2/champ/champ_bringup -DPython_EXECUTABLE=/home/irman/micromamba/envs/ros2_env/bin/python3 -DCMAKE_INSTALL_PREFIX=/home/irman/3dlidar_ros2_legged_robot_inspection/install/champ_bringup[0m
[39.823s] [34mcolcon.colcon_core.event_handler.log_command[0m [1;30mDEBUG[0m [32mInvoked command in '/home/irman/3dlidar_ros2_legged_robot_inspection/build/champ_bringup' returned '0': AMENT_PREFIX_PATH=/home/irman/3dlidar_ros2_legged_robot_inspection/install/champ_base:/home/irman/3dlidar_ros2_legged_robot_inspection/install/champ_msgs:/home/irman/3dlidar_ros2_legged_robot_inspection/install/champ_description:/home/irman/3dlidar_ros2_legged_robot_inspection/install/champ:${AMENT_PREFIX_PATH} CMAKE_PREFIX_PATH=/home/irman/3dlidar_ros2_legged_robot_inspection/install/champ_base:/home/irman/3dlidar_ros2_legged_robot_inspection/install/champ_msgs:/home/irman/3dlidar_ros2_legged_robot_inspection/install/champ_description:/home/irman/3dlidar_ros2_legged_robot_inspection/install/champ:${CMAKE_PREFIX_PATH} CONDA_PROMPT_MODIFIER=(ros2_env) DEBUGINFOD_URLS=https://debuginfod.ubuntu.com LD_LIBRARY_PATH=/home/irman/3dlidar_ros2_legged_robot_inspection/install/champ_base/lib:/home/irman/3dlidar_ros2_legged_robot_inspection/install/champ_msgs/lib:/home/irman/micromamba/envs/ros2_env/opt/rviz_ogre_vendor/lib:/home/irman/micromamba/envs/ros2_env/lib/gazebo-11/plugins PATH=/home/irman/3dlidar_ros2_legged_robot_inspection/install/champ_base/bin:${PATH} PYTHONPATH=/home/irman/3dlidar_ros2_legged_robot_inspection/install/champ_msgs/lib/python3.11/site-packages:${PYTHONPATH} /home/irman/micromamba/envs/ros2_env/bin/cmake /home/irman/3dlidar_ros2_legged_robot_inspection/src/unitree-go2-ros2/champ/champ_bringup -DPython_EXECUTABLE=/home/irman/micromamba/envs/ros2_env/bin/python3 -DCMAKE_INSTALL_PREFIX=/home/irman/3dlidar_ros2_legged_robot_inspection/install/champ_bringup[0m
[39.824s] [34mcolcon.colcon_core.event_handler.log_command[0m [1;30mDEBUG[0m [32mInvoking command in '/home/irman/3dlidar_ros2_legged_robot_inspection/build/champ_bringup': AMENT_PREFIX_PATH=/home/irman/3dlidar_ros2_legged_robot_inspection/install/champ_base:/home/irman/3dlidar_ros2_legged_robot_inspection/install/champ_msgs:/home/irman/3dlidar_ros2_legged_robot_inspection/install/champ_description:/home/irman/3dlidar_ros2_legged_robot_inspection/install/champ:${AMENT_PREFIX_PATH} CMAKE_PREFIX_PATH=/home/irman/3dlidar_ros2_legged_robot_inspection/install/champ_base:/home/irman/3dlidar_ros2_legged_robot_inspection/install/champ_msgs:/home/irman/3dlidar_ros2_legged_robot_inspection/install/champ_description:/home/irman/3dlidar_ros2_legged_robot_inspection/install/champ:${CMAKE_PREFIX_PATH} CONDA_PROMPT_MODIFIER=(ros2_env) DEBUGINFOD_URLS=https://debuginfod.ubuntu.com LD_LIBRARY_PATH=/home/irman/3dlidar_ros2_legged_robot_inspection/install/champ_base/lib:/home/irman/3dlidar_ros2_legged_robot_inspection/install/champ_msgs/lib:/home/irman/micromamba/envs/ros2_env/opt/rviz_ogre_vendor/lib:/home/irman/micromamba/envs/ros2_env/lib/gazebo-11/plugins PATH=/home/irman/3dlidar_ros2_legged_robot_inspection/install/champ_base/bin:${PATH} PYTHONPATH=/home/irman/3dlidar_ros2_legged_robot_inspection/install/champ_msgs/lib/python3.11/site-packages:${PYTHONPATH} /home/irman/micromamba/envs/ros2_env/bin/cmake --build /home/irman/3dlidar_ros2_legged_robot_inspection/build/champ_bringup -- -j16 -l16[0m
[40.121s] [34mcolcon.colcon_core.event_handler.log_command[0m [1;30mDEBUG[0m [32mInvoked command in '/home/irman/3dlidar_ros2_legged_robot_inspection/build/champ_bringup' returned '0': AMENT_PREFIX_PATH=/home/irman/3dlidar_ros2_legged_robot_inspection/install/champ_base:/home/irman/3dlidar_ros2_legged_robot_inspection/install/champ_msgs:/home/irman/3dlidar_ros2_legged_robot_inspection/install/champ_description:/home/irman/3dlidar_ros2_legged_robot_inspection/install/champ:${AMENT_PREFIX_PATH} CMAKE_PREFIX_PATH=/home/irman/3dlidar_ros2_legged_robot_inspection/install/champ_base:/home/irman/3dlidar_ros2_legged_robot_inspection/install/champ_msgs:/home/irman/3dlidar_ros2_legged_robot_inspection/install/champ_description:/home/irman/3dlidar_ros2_legged_robot_inspection/install/champ:${CMAKE_PREFIX_PATH} CONDA_PROMPT_MODIFIER=(ros2_env) DEBUGINFOD_URLS=https://debuginfod.ubuntu.com LD_LIBRARY_PATH=/home/irman/3dlidar_ros2_legged_robot_inspection/install/champ_base/lib:/home/irman/3dlidar_ros2_legged_robot_inspection/install/champ_msgs/lib:/home/irman/micromamba/envs/ros2_env/opt/rviz_ogre_vendor/lib:/home/irman/micromamba/envs/ros2_env/lib/gazebo-11/plugins PATH=/home/irman/3dlidar_ros2_legged_robot_inspection/install/champ_base/bin:${PATH} PYTHONPATH=/home/irman/3dlidar_ros2_legged_robot_inspection/install/champ_msgs/lib/python3.11/site-packages:${PYTHONPATH} /home/irman/micromamba/envs/ros2_env/bin/cmake --build /home/irman/3dlidar_ros2_legged_robot_inspection/build/champ_bringup -- -j16 -l16[0m
[40.122s] [34mcolcon.colcon_core.event_handler.log_command[0m [1;30mDEBUG[0m [32mInvoking command in '/home/irman/3dlidar_ros2_legged_robot_inspection/build/champ_bringup': AMENT_PREFIX_PATH=/home/irman/3dlidar_ros2_legged_robot_inspection/install/champ_base:/home/irman/3dlidar_ros2_legged_robot_inspection/install/champ_msgs:/home/irman/3dlidar_ros2_legged_robot_inspection/install/champ_description:/home/irman/3dlidar_ros2_legged_robot_inspection/install/champ:${AMENT_PREFIX_PATH} CMAKE_PREFIX_PATH=/home/irman/3dlidar_ros2_legged_robot_inspection/install/champ_base:/home/irman/3dlidar_ros2_legged_robot_inspection/install/champ_msgs:/home/irman/3dlidar_ros2_legged_robot_inspection/install/champ_description:/home/irman/3dlidar_ros2_legged_robot_inspection/install/champ:${CMAKE_PREFIX_PATH} CONDA_PROMPT_MODIFIER=(ros2_env) DEBUGINFOD_URLS=https://debuginfod.ubuntu.com LD_LIBRARY_PATH=/home/irman/3dlidar_ros2_legged_robot_inspection/install/champ_base/lib:/home/irman/3dlidar_ros2_legged_robot_inspection/install/champ_msgs/lib:/home/irman/micromamba/envs/ros2_env/opt/rviz_ogre_vendor/lib:/home/irman/micromamba/envs/ros2_env/lib/gazebo-11/plugins PATH=/home/irman/3dlidar_ros2_legged_robot_inspection/install/champ_base/bin:${PATH} PYTHONPATH=/home/irman/3dlidar_ros2_legged_robot_inspection/install/champ_msgs/lib/python3.11/site-packages:${PYTHONPATH} /home/irman/micromamba/envs/ros2_env/bin/cmake --install /home/irman/3dlidar_ros2_legged_robot_inspection/build/champ_bringup[0m
[40.168s] [34mcolcon.colcon_core.environment[0m [1;30mLevel 1[0m create_environment_scripts_only(champ_bringup)
[40.169s] [34mcolcon.colcon_core.environment[0m [1;30mLevel 1[0m checking '/home/irman/3dlidar_ros2_legged_robot_inspection/install/champ_bringup' for CMake module files
[40.169s] [34mcolcon.colcon_core.event_handler.log_command[0m [1;30mDEBUG[0m [32mInvoked command in '/home/irman/3dlidar_ros2_legged_robot_inspection/build/champ_bringup' returned '0': AMENT_PREFIX_PATH=/home/irman/3dlidar_ros2_legged_robot_inspection/install/champ_base:/home/irman/3dlidar_ros2_legged_robot_inspection/install/champ_msgs:/home/irman/3dlidar_ros2_legged_robot_inspection/install/champ_description:/home/irman/3dlidar_ros2_legged_robot_inspection/install/champ:${AMENT_PREFIX_PATH} CMAKE_PREFIX_PATH=/home/irman/3dlidar_ros2_legged_robot_inspection/install/champ_base:/home/irman/3dlidar_ros2_legged_robot_inspection/install/champ_msgs:/home/irman/3dlidar_ros2_legged_robot_inspection/install/champ_description:/home/irman/3dlidar_ros2_legged_robot_inspection/install/champ:${CMAKE_PREFIX_PATH} CONDA_PROMPT_MODIFIER=(ros2_env) DEBUGINFOD_URLS=https://debuginfod.ubuntu.com LD_LIBRARY_PATH=/home/irman/3dlidar_ros2_legged_robot_inspection/install/champ_base/lib:/home/irman/3dlidar_ros2_legged_robot_inspection/install/champ_msgs/lib:/home/irman/micromamba/envs/ros2_env/opt/rviz_ogre_vendor/lib:/home/irman/micromamba/envs/ros2_env/lib/gazebo-11/plugins PATH=/home/irman/3dlidar_ros2_legged_robot_inspection/install/champ_base/bin:${PATH} PYTHONPATH=/home/irman/3dlidar_ros2_legged_robot_inspection/install/champ_msgs/lib/python3.11/site-packages:${PYTHONPATH} /home/irman/micromamba/envs/ros2_env/bin/cmake --install /home/irman/3dlidar_ros2_legged_robot_inspection/build/champ_bringup[0m
[40.169s] [34mcolcon.colcon_core.environment[0m [1;30mLevel 1[0m checking '/home/irman/3dlidar_ros2_legged_robot_inspection/install/champ_bringup' for CMake config files
[40.170s] [34mcolcon.colcon_core.shell[0m [1;30mLevel 1[0m create_environment_hook('champ_bringup', 'cmake_prefix_path')
[40.170s] [34mcolcon.colcon_core.shell[0m [1;30mINFO[0m Creating environment hook '/home/irman/3dlidar_ros2_legged_robot_inspection/install/champ_bringup/share/champ_bringup/hook/cmake_prefix_path.ps1'
[40.170s] [34mcolcon.colcon_core.shell[0m [1;30mINFO[0m Creating environment descriptor '/home/irman/3dlidar_ros2_legged_robot_inspection/install/champ_bringup/share/champ_bringup/hook/cmake_prefix_path.dsv'
[40.170s] [34mcolcon.colcon_core.shell[0m [1;30mINFO[0m Creating environment hook '/home/irman/3dlidar_ros2_legged_robot_inspection/install/champ_bringup/share/champ_bringup/hook/cmake_prefix_path.sh'
[40.171s] [34mcolcon.colcon_core.environment[0m [1;30mLevel 1[0m checking '/home/irman/3dlidar_ros2_legged_robot_inspection/install/champ_bringup/lib'
[40.171s] [34mcolcon.colcon_core.environment[0m [1;30mLevel 1[0m checking '/home/irman/3dlidar_ros2_legged_robot_inspection/install/champ_bringup/bin'
[40.171s] [34mcolcon.colcon_core.environment[0m [1;30mLevel 1[0m checking '/home/irman/3dlidar_ros2_legged_robot_inspection/install/champ_bringup/lib/pkgconfig/champ_bringup.pc'
[40.171s] [34mcolcon.colcon_core.environment[0m [1;30mLevel 1[0m checking '/home/irman/3dlidar_ros2_legged_robot_inspection/install/champ_bringup/lib/python3.11/site-packages'
[40.171s] [34mcolcon.colcon_core.shell[0m [1;30mLevel 1[0m create_environment_hook('champ_bringup', 'pythonpath')
[40.171s] [34mcolcon.colcon_core.shell[0m [1;30mINFO[0m Creating environment hook '/home/irman/3dlidar_ros2_legged_robot_inspection/install/champ_bringup/share/champ_bringup/hook/pythonpath.ps1'
[40.171s] [34mcolcon.colcon_core.shell[0m [1;30mINFO[0m Creating environment descriptor '/home/irman/3dlidar_ros2_legged_robot_inspection/install/champ_bringup/share/champ_bringup/hook/pythonpath.dsv'
[40.171s] [34mcolcon.colcon_core.shell[0m [1;30mINFO[0m Creating environment hook '/home/irman/3dlidar_ros2_legged_robot_inspection/install/champ_bringup/share/champ_bringup/hook/pythonpath.sh'
[40.172s] [34mcolcon.colcon_core.environment[0m [1;30mLevel 1[0m checking '/home/irman/3dlidar_ros2_legged_robot_inspection/install/champ_bringup/bin'
[40.172s] [34mcolcon.colcon_core.shell[0m [1;30mINFO[0m Creating package script '/home/irman/3dlidar_ros2_legged_robot_inspection/install/champ_bringup/share/champ_bringup/package.ps1'
[40.172s] [34mcolcon.colcon_core.shell[0m [1;30mINFO[0m Creating package descriptor '/home/irman/3dlidar_ros2_legged_robot_inspection/install/champ_bringup/share/champ_bringup/package.dsv'
[40.172s] [34mcolcon.colcon_core.shell[0m [1;30mINFO[0m Creating package script '/home/irman/3dlidar_ros2_legged_robot_inspection/install/champ_bringup/share/champ_bringup/package.sh'
[40.173s] [34mcolcon.colcon_core.shell[0m [1;30mINFO[0m Creating package script '/home/irman/3dlidar_ros2_legged_robot_inspection/install/champ_bringup/share/champ_bringup/package.bash'
[40.173s] [34mcolcon.colcon_core.shell[0m [1;30mINFO[0m Creating package script '/home/irman/3dlidar_ros2_legged_robot_inspection/install/champ_bringup/share/champ_bringup/package.zsh'
[40.174s] [34mcolcon.colcon_core.environment[0m [1;30mLevel 1[0m create_file_with_runtime_dependencies(/home/irman/3dlidar_ros2_legged_robot_inspection/install/champ_bringup/share/colcon-core/packages/champ_bringup)
[40.174s] [34mcolcon.colcon_core.environment[0m [1;30mLevel 1[0m create_environment_scripts_only(champ_bringup)
[40.174s] [34mcolcon.colcon_core.environment[0m [1;30mLevel 1[0m checking '/home/irman/3dlidar_ros2_legged_robot_inspection/install/champ_bringup' for CMake module files
[40.175s] [34mcolcon.colcon_core.environment[0m [1;30mLevel 1[0m checking '/home/irman/3dlidar_ros2_legged_robot_inspection/install/champ_bringup' for CMake config files
[40.175s] [34mcolcon.colcon_core.shell[0m [1;30mLevel 1[0m create_environment_hook('champ_bringup', 'cmake_prefix_path')
[40.175s] [34mcolcon.colcon_core.shell[0m [1;30mINFO[0m Creating environment hook '/home/irman/3dlidar_ros2_legged_robot_inspection/install/champ_bringup/share/champ_bringup/hook/cmake_prefix_path.ps1'
[40.175s] [34mcolcon.colcon_core.shell[0m [1;30mINFO[0m Creating environment descriptor '/home/irman/3dlidar_ros2_legged_robot_inspection/install/champ_bringup/share/champ_bringup/hook/cmake_prefix_path.dsv'
[40.176s] [34mcolcon.colcon_core.shell[0m [1;30mINFO[0m Creating environment hook '/home/irman/3dlidar_ros2_legged_robot_inspection/install/champ_bringup/share/champ_bringup/hook/cmake_prefix_path.sh'
[40.176s] [34mcolcon.colcon_core.environment[0m [1;30mLevel 1[0m checking '/home/irman/3dlidar_ros2_legged_robot_inspection/install/champ_bringup/lib'
[40.176s] [34mcolcon.colcon_core.environment[0m [1;30mLevel 1[0m checking '/home/irman/3dlidar_ros2_legged_robot_inspection/install/champ_bringup/bin'
[40.176s] [34mcolcon.colcon_core.environment[0m [1;30mLevel 1[0m checking '/home/irman/3dlidar_ros2_legged_robot_inspection/install/champ_bringup/lib/pkgconfig/champ_bringup.pc'
[40.176s] [34mcolcon.colcon_core.environment[0m [1;30mLevel 1[0m checking '/home/irman/3dlidar_ros2_legged_robot_inspection/install/champ_bringup/lib/python3.11/site-packages'
[40.176s] [34mcolcon.colcon_core.shell[0m [1;30mLevel 1[0m create_environment_hook('champ_bringup', 'pythonpath')
[40.176s] [34mcolcon.colcon_core.shell[0m [1;30mINFO[0m Creating environment hook '/home/irman/3dlidar_ros2_legged_robot_inspection/install/champ_bringup/share/champ_bringup/hook/pythonpath.ps1'
[40.177s] [34mcolcon.colcon_core.shell[0m [1;30mINFO[0m Creating environment descriptor '/home/irman/3dlidar_ros2_legged_robot_inspection/install/champ_bringup/share/champ_bringup/hook/pythonpath.dsv'
[40.177s] [34mcolcon.colcon_core.shell[0m [1;30mINFO[0m Creating environment hook '/home/irman/3dlidar_ros2_legged_robot_inspection/install/champ_bringup/share/champ_bringup/hook/pythonpath.sh'
[40.177s] [34mcolcon.colcon_core.environment[0m [1;30mLevel 1[0m checking '/home/irman/3dlidar_ros2_legged_robot_inspection/install/champ_bringup/bin'
[40.177s] [34mcolcon.colcon_core.shell[0m [1;30mINFO[0m Creating package script '/home/irman/3dlidar_ros2_legged_robot_inspection/install/champ_bringup/share/champ_bringup/package.ps1'
[40.178s] [34mcolcon.colcon_core.shell[0m [1;30mINFO[0m Creating package descriptor '/home/irman/3dlidar_ros2_legged_robot_inspection/install/champ_bringup/share/champ_bringup/package.dsv'
[40.178s] [34mcolcon.colcon_core.shell[0m [1;30mINFO[0m Creating package script '/home/irman/3dlidar_ros2_legged_robot_inspection/install/champ_bringup/share/champ_bringup/package.sh'
[40.178s] [34mcolcon.colcon_core.shell[0m [1;30mINFO[0m Creating package script '/home/irman/3dlidar_ros2_legged_robot_inspection/install/champ_bringup/share/champ_bringup/package.bash'
[40.178s] [34mcolcon.colcon_core.shell[0m [1;30mINFO[0m Creating package script '/home/irman/3dlidar_ros2_legged_robot_inspection/install/champ_bringup/share/champ_bringup/package.zsh'
[40.179s] [34mcolcon.colcon_core.environment[0m [1;30mLevel 1[0m create_file_with_runtime_dependencies(/home/irman/3dlidar_ros2_legged_robot_inspection/install/champ_bringup/share/colcon-core/packages/champ_bringup)
[40.179s] [34mcolcon.colcon_ros.task.ament_cmake.build[0m [1;30mINFO[0m Building ROS package in '/home/irman/3dlidar_ros2_legged_robot_inspection/src/go2_bringup' with build type 'ament_cmake'
[40.179s] [34mcolcon.colcon_cmake.task.cmake.build[0m [1;30mINFO[0m Building CMake package in '/home/irman/3dlidar_ros2_legged_robot_inspection/src/go2_bringup'
[40.179s] [34mcolcon.colcon_core.shell[0m [1;30mINFO[0m Skip shell extension 'powershell' for command environment: Not usable outside of PowerShell
[40.179s] [34mcolcon.colcon_core.shell[0m [1;30mDEBUG[0m [32mSkip shell extension 'dsv' for command environment[0m
[40.196s] [34mcolcon.colcon_core.event_handler.log_command[0m [1;30mDEBUG[0m [32mInvoking command in '/home/irman/3dlidar_ros2_legged_robot_inspection/build/go2_bringup': AMENT_PREFIX_PATH=/home/irman/3dlidar_ros2_legged_robot_inspection/install/champ_bringup:/home/irman/3dlidar_ros2_legged_robot_inspection/install/champ_gazebo:/home/irman/3dlidar_ros2_legged_robot_inspection/install/champ_base:/home/irman/3dlidar_ros2_legged_robot_inspection/install/go2_description:/home/irman/3dlidar_ros2_legged_robot_inspection/install/go2_control:/home/irman/3dlidar_ros2_legged_robot_inspection/install/go2_config:/home/irman/3dlidar_ros2_legged_robot_inspection/install/champ_msgs:/home/irman/3dlidar_ros2_legged_robot_inspection/install/champ_description:/home/irman/3dlidar_ros2_legged_robot_inspection/install/champ:${AMENT_PREFIX_PATH} CMAKE_PREFIX_PATH=/home/irman/3dlidar_ros2_legged_robot_inspection/install/champ_bringup:/home/irman/3dlidar_ros2_legged_robot_inspection/install/champ_gazebo:/home/irman/3dlidar_ros2_legged_robot_inspection/install/champ_base:/home/irman/3dlidar_ros2_legged_robot_inspection/install/go2_description:/home/irman/3dlidar_ros2_legged_robot_inspection/install/go2_config:/home/irman/3dlidar_ros2_legged_robot_inspection/install/champ_msgs:/home/irman/3dlidar_ros2_legged_robot_inspection/install/champ_description:/home/irman/3dlidar_ros2_legged_robot_inspection/install/champ:${CMAKE_PREFIX_PATH} CONDA_PROMPT_MODIFIER=(ros2_env) DEBUGINFOD_URLS=https://debuginfod.ubuntu.com LD_LIBRARY_PATH=/home/irman/3dlidar_ros2_legged_robot_inspection/install/champ_base/lib:/home/irman/3dlidar_ros2_legged_robot_inspection/install/champ_msgs/lib:/home/irman/micromamba/envs/ros2_env/opt/rviz_ogre_vendor/lib:/home/irman/micromamba/envs/ros2_env/lib/gazebo-11/plugins PATH=/home/irman/3dlidar_ros2_legged_robot_inspection/install/champ_gazebo/bin:/home/irman/3dlidar_ros2_legged_robot_inspection/install/champ_base/bin:${PATH} PYTHONPATH=/home/irman/3dlidar_ros2_legged_robot_inspection/install/champ_bringup/lib/python3.11/site-packages:/home/irman/3dlidar_ros2_legged_robot_inspection/install/go2_control/lib/python3.11/site-packages:/home/irman/3dlidar_ros2_legged_robot_inspection/install/champ_msgs/lib/python3.11/site-packages:${PYTHONPATH} /home/irman/micromamba/envs/ros2_env/bin/cmake /home/irman/3dlidar_ros2_legged_robot_inspection/src/go2_bringup -DPython_EXECUTABLE=/home/irman/micromamba/envs/ros2_env/bin/python3 -DCMAKE_INSTALL_PREFIX=/home/irman/3dlidar_ros2_legged_robot_inspection/install/go2_bringup[0m
[41.040s] [34mcolcon.colcon_core.event_handler.log_command[0m [1;30mDEBUG[0m [32mInvoked command in '/home/irman/3dlidar_ros2_legged_robot_inspection/build/go2_bringup' returned '0': AMENT_PREFIX_PATH=/home/irman/3dlidar_ros2_legged_robot_inspection/install/champ_bringup:/home/irman/3dlidar_ros2_legged_robot_inspection/install/champ_gazebo:/home/irman/3dlidar_ros2_legged_robot_inspection/install/champ_base:/home/irman/3dlidar_ros2_legged_robot_inspection/install/go2_description:/home/irman/3dlidar_ros2_legged_robot_inspection/install/go2_control:/home/irman/3dlidar_ros2_legged_robot_inspection/install/go2_config:/home/irman/3dlidar_ros2_legged_robot_inspection/install/champ_msgs:/home/irman/3dlidar_ros2_legged_robot_inspection/install/champ_description:/home/irman/3dlidar_ros2_legged_robot_inspection/install/champ:${AMENT_PREFIX_PATH} CMAKE_PREFIX_PATH=/home/irman/3dlidar_ros2_legged_robot_inspection/install/champ_bringup:/home/irman/3dlidar_ros2_legged_robot_inspection/install/champ_gazebo:/home/irman/3dlidar_ros2_legged_robot_inspection/install/champ_base:/home/irman/3dlidar_ros2_legged_robot_inspection/install/go2_description:/home/irman/3dlidar_ros2_legged_robot_inspection/install/go2_config:/home/irman/3dlidar_ros2_legged_robot_inspection/install/champ_msgs:/home/irman/3dlidar_ros2_legged_robot_inspection/install/champ_description:/home/irman/3dlidar_ros2_legged_robot_inspection/install/champ:${CMAKE_PREFIX_PATH} CONDA_PROMPT_MODIFIER=(ros2_env) DEBUGINFOD_URLS=https://debuginfod.ubuntu.com LD_LIBRARY_PATH=/home/irman/3dlidar_ros2_legged_robot_inspection/install/champ_base/lib:/home/irman/3dlidar_ros2_legged_robot_inspection/install/champ_msgs/lib:/home/irman/micromamba/envs/ros2_env/opt/rviz_ogre_vendor/lib:/home/irman/micromamba/envs/ros2_env/lib/gazebo-11/plugins PATH=/home/irman/3dlidar_ros2_legged_robot_inspection/install/champ_gazebo/bin:/home/irman/3dlidar_ros2_legged_robot_inspection/install/champ_base/bin:${PATH} PYTHONPATH=/home/irman/3dlidar_ros2_legged_robot_inspection/install/champ_bringup/lib/python3.11/site-packages:/home/irman/3dlidar_ros2_legged_robot_inspection/install/go2_control/lib/python3.11/site-packages:/home/irman/3dlidar_ros2_legged_robot_inspection/install/champ_msgs/lib/python3.11/site-packages:${PYTHONPATH} /home/irman/micromamba/envs/ros2_env/bin/cmake /home/irman/3dlidar_ros2_legged_robot_inspection/src/go2_bringup -DPython_EXECUTABLE=/home/irman/micromamba/envs/ros2_env/bin/python3 -DCMAKE_INSTALL_PREFIX=/home/irman/3dlidar_ros2_legged_robot_inspection/install/go2_bringup[0m
[41.041s] [34mcolcon.colcon_core.event_handler.log_command[0m [1;30mDEBUG[0m [32mInvoking command in '/home/irman/3dlidar_ros2_legged_robot_inspection/build/go2_bringup': AMENT_PREFIX_PATH=/home/irman/3dlidar_ros2_legged_robot_inspection/install/champ_bringup:/home/irman/3dlidar_ros2_legged_robot_inspection/install/champ_gazebo:/home/irman/3dlidar_ros2_legged_robot_inspection/install/champ_base:/home/irman/3dlidar_ros2_legged_robot_inspection/install/go2_description:/home/irman/3dlidar_ros2_legged_robot_inspection/install/go2_control:/home/irman/3dlidar_ros2_legged_robot_inspection/install/go2_config:/home/irman/3dlidar_ros2_legged_robot_inspection/install/champ_msgs:/home/irman/3dlidar_ros2_legged_robot_inspection/install/champ_description:/home/irman/3dlidar_ros2_legged_robot_inspection/install/champ:${AMENT_PREFIX_PATH} CMAKE_PREFIX_PATH=/home/irman/3dlidar_ros2_legged_robot_inspection/install/champ_bringup:/home/irman/3dlidar_ros2_legged_robot_inspection/install/champ_gazebo:/home/irman/3dlidar_ros2_legged_robot_inspection/install/champ_base:/home/irman/3dlidar_ros2_legged_robot_inspection/install/go2_description:/home/irman/3dlidar_ros2_legged_robot_inspection/install/go2_config:/home/irman/3dlidar_ros2_legged_robot_inspection/install/champ_msgs:/home/irman/3dlidar_ros2_legged_robot_inspection/install/champ_description:/home/irman/3dlidar_ros2_legged_robot_inspection/install/champ:${CMAKE_PREFIX_PATH} CONDA_PROMPT_MODIFIER=(ros2_env) DEBUGINFOD_URLS=https://debuginfod.ubuntu.com LD_LIBRARY_PATH=/home/irman/3dlidar_ros2_legged_robot_inspection/install/champ_base/lib:/home/irman/3dlidar_ros2_legged_robot_inspection/install/champ_msgs/lib:/home/irman/micromamba/envs/ros2_env/opt/rviz_ogre_vendor/lib:/home/irman/micromamba/envs/ros2_env/lib/gazebo-11/plugins PATH=/home/irman/3dlidar_ros2_legged_robot_inspection/install/champ_gazebo/bin:/home/irman/3dlidar_ros2_legged_robot_inspection/install/champ_base/bin:${PATH} PYTHONPATH=/home/irman/3dlidar_ros2_legged_robot_inspection/install/champ_bringup/lib/python3.11/site-packages:/home/irman/3dlidar_ros2_legged_robot_inspection/install/go2_control/lib/python3.11/site-packages:/home/irman/3dlidar_ros2_legged_robot_inspection/install/champ_msgs/lib/python3.11/site-packages:${PYTHONPATH} /home/irman/micromamba/envs/ros2_env/bin/cmake --build /home/irman/3dlidar_ros2_legged_robot_inspection/build/go2_bringup -- -j16 -l16[0m
[41.074s] [34mcolcon.colcon_core.event_handler.log_command[0m [1;30mDEBUG[0m [32mInvoked command in '/home/irman/3dlidar_ros2_legged_robot_inspection/build/go2_bringup' returned '0': AMENT_PREFIX_PATH=/home/irman/3dlidar_ros2_legged_robot_inspection/install/champ_bringup:/home/irman/3dlidar_ros2_legged_robot_inspection/install/champ_gazebo:/home/irman/3dlidar_ros2_legged_robot_inspection/install/champ_base:/home/irman/3dlidar_ros2_legged_robot_inspection/install/go2_description:/home/irman/3dlidar_ros2_legged_robot_inspection/install/go2_control:/home/irman/3dlidar_ros2_legged_robot_inspection/install/go2_config:/home/irman/3dlidar_ros2_legged_robot_inspection/install/champ_msgs:/home/irman/3dlidar_ros2_legged_robot_inspection/install/champ_description:/home/irman/3dlidar_ros2_legged_robot_inspection/install/champ:${AMENT_PREFIX_PATH} CMAKE_PREFIX_PATH=/home/irman/3dlidar_ros2_legged_robot_inspection/install/champ_bringup:/home/irman/3dlidar_ros2_legged_robot_inspection/install/champ_gazebo:/home/irman/3dlidar_ros2_legged_robot_inspection/install/champ_base:/home/irman/3dlidar_ros2_legged_robot_inspection/install/go2_description:/home/irman/3dlidar_ros2_legged_robot_inspection/install/go2_config:/home/irman/3dlidar_ros2_legged_robot_inspection/install/champ_msgs:/home/irman/3dlidar_ros2_legged_robot_inspection/install/champ_description:/home/irman/3dlidar_ros2_legged_robot_inspection/install/champ:${CMAKE_PREFIX_PATH} CONDA_PROMPT_MODIFIER=(ros2_env) DEBUGINFOD_URLS=https://debuginfod.ubuntu.com LD_LIBRARY_PATH=/home/irman/3dlidar_ros2_legged_robot_inspection/install/champ_base/lib:/home/irman/3dlidar_ros2_legged_robot_inspection/install/champ_msgs/lib:/home/irman/micromamba/envs/ros2_env/opt/rviz_ogre_vendor/lib:/home/irman/micromamba/envs/ros2_env/lib/gazebo-11/plugins PATH=/home/irman/3dlidar_ros2_legged_robot_inspection/install/champ_gazebo/bin:/home/irman/3dlidar_ros2_legged_robot_inspection/install/champ_base/bin:${PATH} PYTHONPATH=/home/irman/3dlidar_ros2_legged_robot_inspection/install/champ_bringup/lib/python3.11/site-packages:/home/irman/3dlidar_ros2_legged_robot_inspection/install/go2_control/lib/python3.11/site-packages:/home/irman/3dlidar_ros2_legged_robot_inspection/install/champ_msgs/lib/python3.11/site-packages:${PYTHONPATH} /home/irman/micromamba/envs/ros2_env/bin/cmake --build /home/irman/3dlidar_ros2_legged_robot_inspection/build/go2_bringup -- -j16 -l16[0m
[41.074s] [34mcolcon.colcon_core.event_handler.log_command[0m [1;30mDEBUG[0m [32mInvoking command in '/home/irman/3dlidar_ros2_legged_robot_inspection/build/go2_bringup': AMENT_PREFIX_PATH=/home/irman/3dlidar_ros2_legged_robot_inspection/install/champ_bringup:/home/irman/3dlidar_ros2_legged_robot_inspection/install/champ_gazebo:/home/irman/3dlidar_ros2_legged_robot_inspection/install/champ_base:/home/irman/3dlidar_ros2_legged_robot_inspection/install/go2_description:/home/irman/3dlidar_ros2_legged_robot_inspection/install/go2_control:/home/irman/3dlidar_ros2_legged_robot_inspection/install/go2_config:/home/irman/3dlidar_ros2_legged_robot_inspection/install/champ_msgs:/home/irman/3dlidar_ros2_legged_robot_inspection/install/champ_description:/home/irman/3dlidar_ros2_legged_robot_inspection/install/champ:${AMENT_PREFIX_PATH} CMAKE_PREFIX_PATH=/home/irman/3dlidar_ros2_legged_robot_inspection/install/champ_bringup:/home/irman/3dlidar_ros2_legged_robot_inspection/install/champ_gazebo:/home/irman/3dlidar_ros2_legged_robot_inspection/install/champ_base:/home/irman/3dlidar_ros2_legged_robot_inspection/install/go2_description:/home/irman/3dlidar_ros2_legged_robot_inspection/install/go2_config:/home/irman/3dlidar_ros2_legged_robot_inspection/install/champ_msgs:/home/irman/3dlidar_ros2_legged_robot_inspection/install/champ_description:/home/irman/3dlidar_ros2_legged_robot_inspection/install/champ:${CMAKE_PREFIX_PATH} CONDA_PROMPT_MODIFIER=(ros2_env) DEBUGINFOD_URLS=https://debuginfod.ubuntu.com LD_LIBRARY_PATH=/home/irman/3dlidar_ros2_legged_robot_inspection/install/champ_base/lib:/home/irman/3dlidar_ros2_legged_robot_inspection/install/champ_msgs/lib:/home/irman/micromamba/envs/ros2_env/opt/rviz_ogre_vendor/lib:/home/irman/micromamba/envs/ros2_env/lib/gazebo-11/plugins PATH=/home/irman/3dlidar_ros2_legged_robot_inspection/install/champ_gazebo/bin:/home/irman/3dlidar_ros2_legged_robot_inspection/install/champ_base/bin:${PATH} PYTHONPATH=/home/irman/3dlidar_ros2_legged_robot_inspection/install/champ_bringup/lib/python3.11/site-packages:/home/irman/3dlidar_ros2_legged_robot_inspection/install/go2_control/lib/python3.11/site-packages:/home/irman/3dlidar_ros2_legged_robot_inspection/install/champ_msgs/lib/python3.11/site-packages:${PYTHONPATH} /home/irman/micromamba/envs/ros2_env/bin/cmake --install /home/irman/3dlidar_ros2_legged_robot_inspection/build/go2_bringup[0m
[41.086s] [34mcolcon.colcon_core.environment[0m [1;30mLevel 1[0m create_environment_scripts_only(go2_bringup)
[41.086s] [34mcolcon.colcon_core.environment[0m [1;30mLevel 1[0m checking '/home/irman/3dlidar_ros2_legged_robot_inspection/install/go2_bringup' for CMake module files
[41.087s] [34mcolcon.colcon_core.event_handler.log_command[0m [1;30mDEBUG[0m [32mInvoked command in '/home/irman/3dlidar_ros2_legged_robot_inspection/build/go2_bringup' returned '0': AMENT_PREFIX_PATH=/home/irman/3dlidar_ros2_legged_robot_inspection/install/champ_bringup:/home/irman/3dlidar_ros2_legged_robot_inspection/install/champ_gazebo:/home/irman/3dlidar_ros2_legged_robot_inspection/install/champ_base:/home/irman/3dlidar_ros2_legged_robot_inspection/install/go2_description:/home/irman/3dlidar_ros2_legged_robot_inspection/install/go2_control:/home/irman/3dlidar_ros2_legged_robot_inspection/install/go2_config:/home/irman/3dlidar_ros2_legged_robot_inspection/install/champ_msgs:/home/irman/3dlidar_ros2_legged_robot_inspection/install/champ_description:/home/irman/3dlidar_ros2_legged_robot_inspection/install/champ:${AMENT_PREFIX_PATH} CMAKE_PREFIX_PATH=/home/irman/3dlidar_ros2_legged_robot_inspection/install/champ_bringup:/home/irman/3dlidar_ros2_legged_robot_inspection/install/champ_gazebo:/home/irman/3dlidar_ros2_legged_robot_inspection/install/champ_base:/home/irman/3dlidar_ros2_legged_robot_inspection/install/go2_description:/home/irman/3dlidar_ros2_legged_robot_inspection/install/go2_config:/home/irman/3dlidar_ros2_legged_robot_inspection/install/champ_msgs:/home/irman/3dlidar_ros2_legged_robot_inspection/install/champ_description:/home/irman/3dlidar_ros2_legged_robot_inspection/install/champ:${CMAKE_PREFIX_PATH} CONDA_PROMPT_MODIFIER=(ros2_env) DEBUGINFOD_URLS=https://debuginfod.ubuntu.com LD_LIBRARY_PATH=/home/irman/3dlidar_ros2_legged_robot_inspection/install/champ_base/lib:/home/irman/3dlidar_ros2_legged_robot_inspection/install/champ_msgs/lib:/home/irman/micromamba/envs/ros2_env/opt/rviz_ogre_vendor/lib:/home/irman/micromamba/envs/ros2_env/lib/gazebo-11/plugins PATH=/home/irman/3dlidar_ros2_legged_robot_inspection/install/champ_gazebo/bin:/home/irman/3dlidar_ros2_legged_robot_inspection/install/champ_base/bin:${PATH} PYTHONPATH=/home/irman/3dlidar_ros2_legged_robot_inspection/install/champ_bringup/lib/python3.11/site-packages:/home/irman/3dlidar_ros2_legged_robot_inspection/install/go2_control/lib/python3.11/site-packages:/home/irman/3dlidar_ros2_legged_robot_inspection/install/champ_msgs/lib/python3.11/site-packages:${PYTHONPATH} /home/irman/micromamba/envs/ros2_env/bin/cmake --install /home/irman/3dlidar_ros2_legged_robot_inspection/build/go2_bringup[0m
[41.087s] [34mcolcon.colcon_core.environment[0m [1;30mLevel 1[0m checking '/home/irman/3dlidar_ros2_legged_robot_inspection/install/go2_bringup' for CMake config files
[41.087s] [34mcolcon.colcon_core.shell[0m [1;30mLevel 1[0m create_environment_hook('go2_bringup', 'cmake_prefix_path')
[41.087s] [34mcolcon.colcon_core.shell[0m [1;30mINFO[0m Creating environment hook '/home/irman/3dlidar_ros2_legged_robot_inspection/install/go2_bringup/share/go2_bringup/hook/cmake_prefix_path.ps1'
[41.088s] [34mcolcon.colcon_core.shell[0m [1;30mINFO[0m Creating environment descriptor '/home/irman/3dlidar_ros2_legged_robot_inspection/install/go2_bringup/share/go2_bringup/hook/cmake_prefix_path.dsv'
[41.088s] [34mcolcon.colcon_core.shell[0m [1;30mINFO[0m Creating environment hook '/home/irman/3dlidar_ros2_legged_robot_inspection/install/go2_bringup/share/go2_bringup/hook/cmake_prefix_path.sh'
[41.088s] [34mcolcon.colcon_core.environment[0m [1;30mLevel 1[0m checking '/home/irman/3dlidar_ros2_legged_robot_inspection/install/go2_bringup/bin'
[41.088s] [34mcolcon.colcon_core.environment[0m [1;30mLevel 1[0m checking '/home/irman/3dlidar_ros2_legged_robot_inspection/install/go2_bringup/lib/pkgconfig/go2_bringup.pc'
[41.089s] [34mcolcon.colcon_core.environment[0m [1;30mLevel 1[0m checking '/home/irman/3dlidar_ros2_legged_robot_inspection/install/go2_bringup/lib/python3.11/site-packages'
[41.089s] [34mcolcon.colcon_core.environment[0m [1;30mLevel 1[0m checking '/home/irman/3dlidar_ros2_legged_robot_inspection/install/go2_bringup/bin'
[41.089s] [34mcolcon.colcon_core.shell[0m [1;30mINFO[0m Creating package script '/home/irman/3dlidar_ros2_legged_robot_inspection/install/go2_bringup/share/go2_bringup/package.ps1'
[41.089s] [34mcolcon.colcon_core.shell[0m [1;30mINFO[0m Creating package descriptor '/home/irman/3dlidar_ros2_legged_robot_inspection/install/go2_bringup/share/go2_bringup/package.dsv'
[41.089s] [34mcolcon.colcon_core.shell[0m [1;30mINFO[0m Creating package script '/home/irman/3dlidar_ros2_legged_robot_inspection/install/go2_bringup/share/go2_bringup/package.sh'
[41.090s] [34mcolcon.colcon_core.shell[0m [1;30mINFO[0m Creating package script '/home/irman/3dlidar_ros2_legged_robot_inspection/install/go2_bringup/share/go2_bringup/package.bash'
[41.090s] [34mcolcon.colcon_core.shell[0m [1;30mINFO[0m Creating package script '/home/irman/3dlidar_ros2_legged_robot_inspection/install/go2_bringup/share/go2_bringup/package.zsh'
[41.090s] [34mcolcon.colcon_core.environment[0m [1;30mLevel 1[0m create_file_with_runtime_dependencies(/home/irman/3dlidar_ros2_legged_robot_inspection/install/go2_bringup/share/colcon-core/packages/go2_bringup)
[41.091s] [34mcolcon.colcon_core.environment[0m [1;30mLevel 1[0m create_environment_scripts_only(go2_bringup)
[41.091s] [34mcolcon.colcon_core.environment[0m [1;30mLevel 1[0m checking '/home/irman/3dlidar_ros2_legged_robot_inspection/install/go2_bringup' for CMake module files
[41.091s] [34mcolcon.colcon_core.environment[0m [1;30mLevel 1[0m checking '/home/irman/3dlidar_ros2_legged_robot_inspection/install/go2_bringup' for CMake config files
[41.091s] [34mcolcon.colcon_core.shell[0m [1;30mLevel 1[0m create_environment_hook('go2_bringup', 'cmake_prefix_path')
[41.091s] [34mcolcon.colcon_core.shell[0m [1;30mINFO[0m Creating environment hook '/home/irman/3dlidar_ros2_legged_robot_inspection/install/go2_bringup/share/go2_bringup/hook/cmake_prefix_path.ps1'
[41.091s] [34mcolcon.colcon_core.shell[0m [1;30mINFO[0m Creating environment descriptor '/home/irman/3dlidar_ros2_legged_robot_inspection/install/go2_bringup/share/go2_bringup/hook/cmake_prefix_path.dsv'
[41.092s] [34mcolcon.colcon_core.shell[0m [1;30mINFO[0m Creating environment hook '/home/irman/3dlidar_ros2_legged_robot_inspection/install/go2_bringup/share/go2_bringup/hook/cmake_prefix_path.sh'
[41.092s] [34mcolcon.colcon_core.environment[0m [1;30mLevel 1[0m checking '/home/irman/3dlidar_ros2_legged_robot_inspection/install/go2_bringup/bin'
[41.092s] [34mcolcon.colcon_core.environment[0m [1;30mLevel 1[0m checking '/home/irman/3dlidar_ros2_legged_robot_inspection/install/go2_bringup/lib/pkgconfig/go2_bringup.pc'
[41.092s] [34mcolcon.colcon_core.environment[0m [1;30mLevel 1[0m checking '/home/irman/3dlidar_ros2_legged_robot_inspection/install/go2_bringup/lib/python3.11/site-packages'
[41.092s] [34mcolcon.colcon_core.environment[0m [1;30mLevel 1[0m checking '/home/irman/3dlidar_ros2_legged_robot_inspection/install/go2_bringup/bin'
[41.093s] [34mcolcon.colcon_core.shell[0m [1;30mINFO[0m Creating package script '/home/irman/3dlidar_ros2_legged_robot_inspection/install/go2_bringup/share/go2_bringup/package.ps1'
[41.093s] [34mcolcon.colcon_core.shell[0m [1;30mINFO[0m Creating package descriptor '/home/irman/3dlidar_ros2_legged_robot_inspection/install/go2_bringup/share/go2_bringup/package.dsv'
[41.093s] [34mcolcon.colcon_core.shell[0m [1;30mINFO[0m Creating package script '/home/irman/3dlidar_ros2_legged_robot_inspection/install/go2_bringup/share/go2_bringup/package.sh'
[41.094s] [34mcolcon.colcon_core.shell[0m [1;30mINFO[0m Creating package script '/home/irman/3dlidar_ros2_legged_robot_inspection/install/go2_bringup/share/go2_bringup/package.bash'
[41.094s] [34mcolcon.colcon_core.shell[0m [1;30mINFO[0m Creating package script '/home/irman/3dlidar_ros2_legged_robot_inspection/install/go2_bringup/share/go2_bringup/package.zsh'
[41.094s] [34mcolcon.colcon_core.environment[0m [1;30mLevel 1[0m create_file_with_runtime_dependencies(/home/irman/3dlidar_ros2_legged_robot_inspection/install/go2_bringup/share/colcon-core/packages/go2_bringup)
[41.094s] [34mcolcon.colcon_parallel_executor.executor.parallel[0m [1;30mDEBUG[0m [32mclosing loop[0m
[41.094s] [34mcolcon.colcon_parallel_executor.executor.parallel[0m [1;30mDEBUG[0m [32mloop closed[0m
[41.095s] [34mcolcon.colcon_parallel_executor.executor.parallel[0m [1;30mDEBUG[0m [32mrun_until_complete finished with '0'[0m
[41.095s] [34mcolcon.colcon_core.event_reactor[0m [1;30mDEBUG[0m [32mjoining thread[0m
[41.096s] [34mcolcon.colcon_core.event_reactor[0m [1;30mDEBUG[0m [32mjoined thread[0m
[41.096s] [34mcolcon.colcon_core.shell[0m [1;30mINFO[0m Creating prefix script '/home/irman/3dlidar_ros2_legged_robot_inspection/install/local_setup.ps1'
[41.096s] [34mcolcon.colcon_core.shell[0m [1;30mINFO[0m Creating prefix util module '/home/irman/3dlidar_ros2_legged_robot_inspection/install/_local_setup_util_ps1.py'
[41.097s] [34mcolcon.colcon_core.shell[0m [1;30mINFO[0m Creating prefix chain script '/home/irman/3dlidar_ros2_legged_robot_inspection/install/setup.ps1'
[41.098s] [34mcolcon.colcon_core.shell[0m [1;30mINFO[0m Creating prefix script '/home/irman/3dlidar_ros2_legged_robot_inspection/install/local_setup.sh'
[41.098s] [34mcolcon.colcon_core.shell[0m [1;30mINFO[0m Creating prefix util module '/home/irman/3dlidar_ros2_legged_robot_inspection/install/_local_setup_util_sh.py'
[41.098s] [34mcolcon.colcon_core.shell[0m [1;30mINFO[0m Creating prefix chain script '/home/irman/3dlidar_ros2_legged_robot_inspection/install/setup.sh'
[41.099s] [34mcolcon.colcon_core.shell[0m [1;30mINFO[0m Creating prefix script '/home/irman/3dlidar_ros2_legged_robot_inspection/install/local_setup.bash'
[41.099s] [34mcolcon.colcon_core.shell[0m [1;30mINFO[0m Creating prefix chain script '/home/irman/3dlidar_ros2_legged_robot_inspection/install/setup.bash'
[41.100s] [34mcolcon.colcon_core.shell[0m [1;30mINFO[0m Creating prefix script '/home/irman/3dlidar_ros2_legged_robot_inspection/install/local_setup.zsh'
[41.100s] [34mcolcon.colcon_core.shell[0m [1;30mINFO[0m Creating prefix chain script '/home/irman/3dlidar_ros2_legged_robot_inspection/install/setup.zsh'
